ISO-10303-21;
HEADER;
/* Generated by software containing ST-Developer
 * from STEP Tools, Inc. (www.steptools.com) 
 */
/* OPTION: using custom renumber hook */

FILE_DESCRIPTION(
/* description */ ('STEP AP242 Edition 2',
'CAx-IF Rec.Pracs.---Representation and Presentation of Product Manufa
cturing Information (PMI)---4.0---2014-10-13',
'CAx-IF Rec.Pracs.---3D Tessellated Geometry---0.4---2014-09-14','2;1',
'CAx-IF Rec.Pracs.---User Defined Attributes---1.5---2016-08-15'),
/* implementation_level */ '2;1');

FILE_NAME(
/* name */ 'Camera Printhead Mount v5',
/* time_stamp */ '2026-07-07T18:14:04Z',
/* author */ (''),
/* organization */ (''),
/* preprocessor_version */ 'ST-DEVELOPER v20',
/* originating_system */ 'ONSHAPE BY PTC INC, 1.217',
/* authorisation */ '  ');

FILE_SCHEMA (('AP242_MANAGED_MODEL_BASED_3D_ENGINEERING_MIM_LF { 1 0 10303 442 3 1 4 }'));
ENDSEC;

DATA;
#10=SHAPE_REPRESENTATION_RELATIONSHIP('','',#1843,#13);
#11=SHAPE_REPRESENTATION_RELATIONSHIP('','',#1844,#14);
#12=SHAPE_REPRESENTATION_RELATIONSHIP('','',#1845,#15);
#13=ADVANCED_BREP_SHAPE_REPRESENTATION('',(#1837),#3143);
#14=ADVANCED_BREP_SHAPE_REPRESENTATION('',(#1838),#3144);
#15=ADVANCED_BREP_SHAPE_REPRESENTATION('',(#1839),#3145);
#16=SPHERICAL_SURFACE('',#1930,0.00508);
#17=SPHERICAL_SURFACE('',#1933,0.00508);
#18=SPHERICAL_SURFACE('',#1947,0.00508);
#19=SPHERICAL_SURFACE('',#1950,0.00508);
#20=SPHERICAL_SURFACE('',#1968,0.00508);
#21=SPHERICAL_SURFACE('',#1986,0.00508);
#22=SPHERICAL_SURFACE('',#1988,0.00508);
#23=ELLIPSE('',#1928,0.00718420489685532,0.00508);
#24=ELLIPSE('',#1971,0.00718420489685532,0.00508);
#25=ELLIPSE('',#1974,0.00718420489685532,0.00508);
#26=ELLIPSE('',#1982,0.00718420489685532,0.00508);
#27=ELLIPSE('',#1991,0.00718420489685532,0.00508);
#28=CONICAL_SURFACE('',#1904,0.00305366666666667,0.474194969938881);
#29=CONICAL_SURFACE('',#1908,0.00359533333333332,0.47419496993888);
#30=CONICAL_SURFACE('',#1912,0.004137,0.474194969938876);
#31=CONICAL_SURFACE('',#1916,0.00467866666666665,0.474194969938881);
#32=CONICAL_SURFACE('',#1920,0.00522033333333333,0.474194969938884);
#33=CONICAL_SURFACE('',#1924,0.005762,0.474194969938874);
#34=CONICAL_SURFACE('',#2000,0.00711196138632307,0.260974938581948);
#35=TOROIDAL_SURFACE('',#1899,0.00805867654275894,0.0015);
#36=TOROIDAL_SURFACE('',#1945,0.01016,0.00508);
#37=TOROIDAL_SURFACE('',#1964,0.01016,0.00508);
#38=TOROIDAL_SURFACE('',#1966,0.01016,0.00508);
#39=TOROIDAL_SURFACE('',#1984,0.01016,0.00508);
#40=TOROIDAL_SURFACE('',#1998,0.01016,0.00508);
#41=TOROIDAL_SURFACE('',#1999,0.0191784998135693,0.00508);
#42=LINE('',#2640,#188);
#43=LINE('',#2642,#189);
#44=LINE('',#2644,#190);
#45=LINE('',#2646,#191);
#46=LINE('',#2648,#192);
#47=LINE('',#2650,#193);
#48=LINE('',#2652,#194);
#49=LINE('',#2655,#195);
#50=LINE('',#2657,#196);
#51=LINE('',#2659,#197);
#52=LINE('',#2661,#198);
#53=LINE('',#2663,#199);
#54=LINE('',#2665,#200);
#55=LINE('',#2669,#201);
#56=LINE('',#2673,#202);
#57=LINE('',#2678,#203);
#58=LINE('',#2680,#204);
#59=LINE('',#2682,#205);
#60=LINE('',#2684,#206);
#61=LINE('',#2686,#207);
#62=LINE('',#2688,#208);
#63=LINE('',#2690,#209);
#64=LINE('',#2692,#210);
#65=LINE('',#2694,#211);
#66=LINE('',#2696,#212);
#67=LINE('',#2698,#213);
#68=LINE('',#2700,#214);
#69=LINE('',#2702,#215);
#70=LINE('',#2704,#216);
#71=LINE('',#2705,#217);
#72=LINE('',#2707,#218);
#73=LINE('',#2709,#219);
#74=LINE('',#2713,#220);
#75=LINE('',#2716,#221);
#76=LINE('',#2718,#222);
#77=LINE('',#2720,#223);
#78=LINE('',#2722,#224);
#79=LINE('',#2724,#225);
#80=LINE('',#2726,#226);
#81=LINE('',#2728,#227);
#82=LINE('',#2730,#228);
#83=LINE('',#2734,#229);
#84=LINE('',#2737,#230);
#85=LINE('',#2739,#231);
#86=LINE('',#2741,#232);
#87=LINE('',#2743,#233);
#88=LINE('',#2746,#234);
#89=LINE('',#2748,#235);
#90=LINE('',#2750,#236);
#91=LINE('',#2752,#237);
#92=LINE('',#2755,#238);
#93=LINE('',#2759,#239);
#94=LINE('',#2761,#240);
#95=LINE('',#2765,#241);
#96=LINE('',#2767,#242);
#97=LINE('',#2771,#243);
#98=LINE('',#2773,#244);
#99=LINE('',#2775,#245);
#100=LINE('',#2780,#246);
#101=LINE('',#2781,#247);
#102=LINE('',#2783,#248);
#103=LINE('',#2784,#249);
#104=LINE('',#2788,#250);
#105=LINE('',#2794,#251);
#106=LINE('',#2796,#252);
#107=LINE('',#2799,#253);
#108=LINE('',#2800,#254);
#109=LINE('',#2802,#255);
#110=LINE('',#2804,#256);
#111=LINE('',#2806,#257);
#112=LINE('',#2808,#258);
#113=LINE('',#2810,#259);
#114=LINE('',#2812,#260);
#115=LINE('',#2816,#261);
#116=LINE('',#2818,#262);
#117=LINE('',#2820,#263);
#118=LINE('',#2823,#264);
#119=LINE('',#2824,#265);
#120=LINE('',#2826,#266);
#121=LINE('',#2828,#267);
#122=LINE('',#2833,#268);
#123=LINE('',#2836,#269);
#124=LINE('',#2838,#270);
#125=LINE('',#2840,#271);
#126=LINE('',#2968,#272);
#127=LINE('',#2971,#273);
#128=LINE('',#2973,#274);
#129=LINE('',#2975,#275);
#130=LINE('',#2982,#276);
#131=LINE('',#2985,#277);
#132=LINE('',#2987,#278);
#133=LINE('',#2989,#279);
#134=LINE('',#2996,#280);
#135=LINE('',#2998,#281);
#136=LINE('',#3000,#282);
#137=LINE('',#3002,#283);
#138=LINE('',#3004,#284);
#139=LINE('',#3006,#285);
#140=LINE('',#3008,#286);
#141=LINE('',#3010,#287);
#142=LINE('',#3012,#288);
#143=LINE('',#3014,#289);
#144=LINE('',#3021,#290);
#145=LINE('',#3023,#291);
#146=LINE('',#3025,#292);
#147=LINE('',#3028,#293);
#148=LINE('',#3029,#294);
#149=LINE('',#3031,#295);
#150=LINE('',#3033,#296);
#151=LINE('',#3035,#297);
#152=LINE('',#3039,#298);
#153=LINE('',#3041,#299);
#154=LINE('',#3046,#300);
#155=LINE('',#3047,#301);
#156=LINE('',#3049,#302);
#157=LINE('',#3055,#303);
#158=LINE('',#3058,#304);
#159=LINE('',#3060,#305);
#160=LINE('',#3062,#306);
#161=LINE('',#3069,#307);
#162=LINE('',#3071,#308);
#163=LINE('',#3073,#309);
#164=LINE('',#3077,#310);
#165=LINE('',#3080,#311);
#166=LINE('',#3082,#312);
#167=LINE('',#3084,#313);
#168=LINE('',#3086,#314);
#169=LINE('',#3088,#315);
#170=LINE('',#3090,#316);
#171=LINE('',#3095,#317);
#172=LINE('',#3097,#318);
#173=LINE('',#3099,#319);
#174=LINE('',#3101,#320);
#175=LINE('',#3106,#321);
#176=LINE('',#3108,#322);
#177=LINE('',#3112,#323);
#178=LINE('',#3114,#324);
#179=LINE('',#3116,#325);
#180=LINE('',#3118,#326);
#181=LINE('',#3120,#327);
#182=LINE('',#3122,#328);
#183=LINE('',#3124,#329);
#184=LINE('',#3126,#330);
#185=LINE('',#3133,#331);
#186=LINE('',#3134,#332);
#187=LINE('',#3138,#333);
#188=VECTOR('',#2075,1.);
#189=VECTOR('',#2076,1.);
#190=VECTOR('',#2077,1.);
#191=VECTOR('',#2078,1.);
#192=VECTOR('',#2079,1.);
#193=VECTOR('',#2080,1.);
#194=VECTOR('',#2083,1.);
#195=VECTOR('',#2084,1.);
#196=VECTOR('',#2085,1.);
#197=VECTOR('',#2086,1.);
#198=VECTOR('',#2087,1.);
#199=VECTOR('',#2088,1.);
#200=VECTOR('',#2089,1.);
#201=VECTOR('',#2092,1.);
#202=VECTOR('',#2097,1.);
#203=VECTOR('',#2100,1.);
#204=VECTOR('',#2101,1.);
#205=VECTOR('',#2102,1.);
#206=VECTOR('',#2103,1.);
#207=VECTOR('',#2104,1.);
#208=VECTOR('',#2105,1.);
#209=VECTOR('',#2106,1.);
#210=VECTOR('',#2109,1.);
#211=VECTOR('',#2110,1.);
#212=VECTOR('',#2111,1.);
#213=VECTOR('',#2112,1.);
#214=VECTOR('',#2113,1.);
#215=VECTOR('',#2114,1.);
#216=VECTOR('',#2115,1.);
#217=VECTOR('',#2116,1.);
#218=VECTOR('',#2117,1.);
#219=VECTOR('',#2118,1.);
#220=VECTOR('',#2123,1.);
#221=VECTOR('',#2124,1.);
#222=VECTOR('',#2125,1.);
#223=VECTOR('',#2126,1.);
#224=VECTOR('',#2129,1.);
#225=VECTOR('',#2130,1.);
#226=VECTOR('',#2131,1.);
#227=VECTOR('',#2132,1.);
#228=VECTOR('',#2133,1.);
#229=VECTOR('',#2138,1.);
#230=VECTOR('',#2139,1.);
#231=VECTOR('',#2140,1.);
#232=VECTOR('',#2141,1.);
#233=VECTOR('',#2144,1.);
#234=VECTOR('',#2145,1.);
#235=VECTOR('',#2146,1.);
#236=VECTOR('',#2147,1.);
#237=VECTOR('',#2150,1.);
#238=VECTOR('',#2151,1.);
#239=VECTOR('',#2154,1.);
#240=VECTOR('',#2155,1.);
#241=VECTOR('',#2158,1.);
#242=VECTOR('',#2159,1.);
#243=VECTOR('',#2164,1.);
#244=VECTOR('',#2165,1.);
#245=VECTOR('',#2168,1.);
#246=VECTOR('',#2171,1.);
#247=VECTOR('',#2172,1.);
#248=VECTOR('',#2173,1.);
#249=VECTOR('',#2174,1.);
#250=VECTOR('',#2179,1.);
#251=VECTOR('',#2186,1.);
#252=VECTOR('',#2189,1.);
#253=VECTOR('',#2190,1.);
#254=VECTOR('',#2191,1.);
#255=VECTOR('',#2192,1.);
#256=VECTOR('',#2195,1.);
#257=VECTOR('',#2196,1.);
#258=VECTOR('',#2199,1.);
#259=VECTOR('',#2200,1.);
#260=VECTOR('',#2203,1.);
#261=VECTOR('',#2210,1.);
#262=VECTOR('',#2211,1.);
#263=VECTOR('',#2214,1.);
#264=VECTOR('',#2215,1.);
#265=VECTOR('',#2216,1.);
#266=VECTOR('',#2219,1.);
#267=VECTOR('',#2220,1.);
#268=VECTOR('',#2229,1.);
#269=VECTOR('',#2230,1.);
#270=VECTOR('',#2231,1.);
#271=VECTOR('',#2232,1.);
#272=VECTOR('',#2455,1.);
#273=VECTOR('',#2456,1.);
#274=VECTOR('',#2457,1.);
#275=VECTOR('',#2458,1.);
#276=VECTOR('',#2467,1.);
#277=VECTOR('',#2468,1.);
#278=VECTOR('',#2469,1.);
#279=VECTOR('',#2470,1.);
#280=VECTOR('',#2479,1.);
#281=VECTOR('',#2480,1.);
#282=VECTOR('',#2481,1.);
#283=VECTOR('',#2484,1.);
#284=VECTOR('',#2485,1.);
#285=VECTOR('',#2486,1.);
#286=VECTOR('',#2489,1.);
#287=VECTOR('',#2490,1.);
#288=VECTOR('',#2493,1.);
#289=VECTOR('',#2494,1.);
#290=VECTOR('',#2501,1.);
#291=VECTOR('',#2504,1.);
#292=VECTOR('',#2507,1.);
#293=VECTOR('',#2508,1.);
#294=VECTOR('',#2509,1.);
#295=VECTOR('',#2512,1.);
#296=VECTOR('',#2513,1.);
#297=VECTOR('',#2514,1.);
#298=VECTOR('',#2521,1.);
#299=VECTOR('',#2522,1.);
#300=VECTOR('',#2527,1.);
#301=VECTOR('',#2528,1.);
#302=VECTOR('',#2531,1.);
#303=VECTOR('',#2542,1.);
#304=VECTOR('',#2543,1.);
#305=VECTOR('',#2544,1.);
#306=VECTOR('',#2545,1.);
#307=VECTOR('',#2554,1.);
#308=VECTOR('',#2555,1.);
#309=VECTOR('',#2556,1.);
#310=VECTOR('',#2561,1.);
#311=VECTOR('',#2562,1.);
#312=VECTOR('',#2563,1.);
#313=VECTOR('',#2564,1.);
#314=VECTOR('',#2567,1.);
#315=VECTOR('',#2568,1.);
#316=VECTOR('',#2569,1.);
#317=VECTOR('',#2576,1.);
#318=VECTOR('',#2577,1.);
#319=VECTOR('',#2580,1.);
#320=VECTOR('',#2581,1.);
#321=VECTOR('',#2586,1.);
#322=VECTOR('',#2589,1.);
#323=VECTOR('',#2594,1.);
#324=VECTOR('',#2595,1.);
#325=VECTOR('',#2596,1.);
#326=VECTOR('',#2599,1.);
#327=VECTOR('',#2600,1.);
#328=VECTOR('',#2601,1.);
#329=VECTOR('',#2604,1.);
#330=VECTOR('',#2605,1.);
#331=VECTOR('',#2614,1.);
#332=VECTOR('',#2615,1.);
#333=VECTOR('',#2622,1.);
#334=PLANE('',#1850);
#335=PLANE('',#1853);
#336=PLANE('',#1855);
#337=PLANE('',#1858);
#338=PLANE('',#1860);
#339=PLANE('',#1861);
#340=PLANE('',#1863);
#341=PLANE('',#1864);
#342=PLANE('',#1866);
#343=PLANE('',#1867);
#344=PLANE('',#1871);
#345=PLANE('',#1872);
#346=PLANE('',#1875);
#347=PLANE('',#1876);
#348=PLANE('',#1879);
#349=PLANE('',#1880);
#350=PLANE('',#1881);
#351=PLANE('',#1882);
#352=PLANE('',#1883);
#353=PLANE('',#1885);
#354=PLANE('',#1886);
#355=PLANE('',#1887);
#356=PLANE('',#1891);
#357=PLANE('',#1892);
#358=PLANE('',#1902);
#359=PLANE('',#1906);
#360=PLANE('',#1910);
#361=PLANE('',#1914);
#362=PLANE('',#1918);
#363=PLANE('',#1922);
#364=PLANE('',#2002);
#365=PLANE('',#2006);
#366=PLANE('',#2010);
#367=PLANE('',#2011);
#368=PLANE('',#2012);
#369=PLANE('',#2013);
#370=PLANE('',#2014);
#371=PLANE('',#2018);
#372=PLANE('',#2019);
#373=PLANE('',#2022);
#374=PLANE('',#2025);
#375=PLANE('',#2028);
#376=PLANE('',#2030);
#377=PLANE('',#2034);
#378=PLANE('',#2035);
#379=PLANE('',#2037);
#380=PLANE('',#2040);
#381=PLANE('',#2041);
#382=PLANE('',#2042);
#383=PLANE('',#2046);
#384=PLANE('',#2047);
#385=PLANE('',#2048);
#386=PLANE('',#2055);
#387=PLANE('',#2056);
#388=ORIENTED_EDGE('',*,*,#868,.T.);
#389=ORIENTED_EDGE('',*,*,#869,.F.);
#390=ORIENTED_EDGE('',*,*,#870,.T.);
#391=ORIENTED_EDGE('',*,*,#871,.T.);
#392=ORIENTED_EDGE('',*,*,#872,.F.);
#393=ORIENTED_EDGE('',*,*,#873,.T.);
#394=ORIENTED_EDGE('',*,*,#874,.F.);
#395=ORIENTED_EDGE('',*,*,#875,.F.);
#396=ORIENTED_EDGE('',*,*,#876,.F.);
#397=ORIENTED_EDGE('',*,*,#877,.T.);
#398=ORIENTED_EDGE('',*,*,#878,.T.);
#399=ORIENTED_EDGE('',*,*,#879,.T.);
#400=ORIENTED_EDGE('',*,*,#880,.T.);
#401=ORIENTED_EDGE('',*,*,#881,.T.);
#402=ORIENTED_EDGE('',*,*,#882,.T.);
#403=ORIENTED_EDGE('',*,*,#883,.T.);
#404=ORIENTED_EDGE('',*,*,#884,.T.);
#405=ORIENTED_EDGE('',*,*,#885,.T.);
#406=ORIENTED_EDGE('',*,*,#886,.F.);
#407=ORIENTED_EDGE('',*,*,#887,.T.);
#408=ORIENTED_EDGE('',*,*,#888,.F.);
#409=ORIENTED_EDGE('',*,*,#889,.T.);
#410=ORIENTED_EDGE('',*,*,#890,.T.);
#411=ORIENTED_EDGE('',*,*,#891,.F.);
#412=ORIENTED_EDGE('',*,*,#892,.F.);
#413=ORIENTED_EDGE('',*,*,#893,.F.);
#414=ORIENTED_EDGE('',*,*,#894,.T.);
#415=ORIENTED_EDGE('',*,*,#895,.F.);
#416=ORIENTED_EDGE('',*,*,#896,.F.);
#417=ORIENTED_EDGE('',*,*,#897,.T.);
#418=ORIENTED_EDGE('',*,*,#891,.T.);
#419=ORIENTED_EDGE('',*,*,#898,.T.);
#420=ORIENTED_EDGE('',*,*,#899,.T.);
#421=ORIENTED_EDGE('',*,*,#900,.T.);
#422=ORIENTED_EDGE('',*,*,#901,.T.);
#423=ORIENTED_EDGE('',*,*,#902,.F.);
#424=ORIENTED_EDGE('',*,*,#903,.F.);
#425=ORIENTED_EDGE('',*,*,#904,.T.);
#426=ORIENTED_EDGE('',*,*,#895,.T.);
#427=ORIENTED_EDGE('',*,*,#905,.T.);
#428=ORIENTED_EDGE('',*,*,#906,.F.);
#429=ORIENTED_EDGE('',*,*,#907,.F.);
#430=ORIENTED_EDGE('',*,*,#908,.T.);
#431=ORIENTED_EDGE('',*,*,#909,.T.);
#432=ORIENTED_EDGE('',*,*,#910,.T.);
#433=ORIENTED_EDGE('',*,*,#911,.T.);
#434=ORIENTED_EDGE('',*,*,#912,.T.);
#435=ORIENTED_EDGE('',*,*,#874,.T.);
#436=ORIENTED_EDGE('',*,*,#913,.T.);
#437=ORIENTED_EDGE('',*,*,#914,.T.);
#438=ORIENTED_EDGE('',*,*,#915,.T.);
#439=ORIENTED_EDGE('',*,*,#916,.F.);
#440=ORIENTED_EDGE('',*,*,#917,.T.);
#441=ORIENTED_EDGE('',*,*,#918,.T.);
#442=ORIENTED_EDGE('',*,*,#919,.T.);
#443=ORIENTED_EDGE('',*,*,#920,.T.);
#444=ORIENTED_EDGE('',*,*,#921,.T.);
#445=ORIENTED_EDGE('',*,*,#922,.T.);
#446=ORIENTED_EDGE('',*,*,#923,.T.);
#447=ORIENTED_EDGE('',*,*,#924,.T.);
#448=ORIENTED_EDGE('',*,*,#925,.T.);
#449=ORIENTED_EDGE('',*,*,#926,.T.);
#450=ORIENTED_EDGE('',*,*,#927,.T.);
#451=ORIENTED_EDGE('',*,*,#928,.T.);
#452=ORIENTED_EDGE('',*,*,#929,.F.);
#453=ORIENTED_EDGE('',*,*,#930,.T.);
#454=ORIENTED_EDGE('',*,*,#931,.T.);
#455=ORIENTED_EDGE('',*,*,#932,.F.);
#456=ORIENTED_EDGE('',*,*,#933,.T.);
#457=ORIENTED_EDGE('',*,*,#934,.T.);
#458=ORIENTED_EDGE('',*,*,#935,.F.);
#459=ORIENTED_EDGE('',*,*,#904,.F.);
#460=ORIENTED_EDGE('',*,*,#936,.F.);
#461=ORIENTED_EDGE('',*,*,#937,.T.);
#462=ORIENTED_EDGE('',*,*,#896,.T.);
#463=ORIENTED_EDGE('',*,*,#938,.F.);
#464=ORIENTED_EDGE('',*,*,#939,.T.);
#465=ORIENTED_EDGE('',*,*,#940,.T.);
#466=ORIENTED_EDGE('',*,*,#876,.T.);
#467=ORIENTED_EDGE('',*,*,#941,.F.);
#468=ORIENTED_EDGE('',*,*,#942,.F.);
#469=ORIENTED_EDGE('',*,*,#936,.T.);
#470=ORIENTED_EDGE('',*,*,#903,.T.);
#471=ORIENTED_EDGE('',*,*,#943,.F.);
#472=ORIENTED_EDGE('',*,*,#944,.T.);
#473=ORIENTED_EDGE('',*,*,#875,.T.);
#474=ORIENTED_EDGE('',*,*,#917,.F.);
#475=ORIENTED_EDGE('',*,*,#945,.F.);
#476=ORIENTED_EDGE('',*,*,#941,.T.);
#477=ORIENTED_EDGE('',*,*,#946,.T.);
#478=ORIENTED_EDGE('',*,*,#937,.F.);
#479=ORIENTED_EDGE('',*,*,#942,.T.);
#480=ORIENTED_EDGE('',*,*,#945,.T.);
#481=ORIENTED_EDGE('',*,*,#916,.T.);
#482=ORIENTED_EDGE('',*,*,#947,.T.);
#483=ORIENTED_EDGE('',*,*,#948,.T.);
#484=ORIENTED_EDGE('',*,*,#897,.F.);
#485=ORIENTED_EDGE('',*,*,#949,.T.);
#486=ORIENTED_EDGE('',*,*,#950,.T.);
#487=ORIENTED_EDGE('',*,*,#889,.F.);
#488=ORIENTED_EDGE('',*,*,#948,.F.);
#489=ORIENTED_EDGE('',*,*,#951,.T.);
#490=ORIENTED_EDGE('',*,*,#952,.T.);
#491=ORIENTED_EDGE('',*,*,#905,.F.);
#492=ORIENTED_EDGE('',*,*,#894,.F.);
#493=ORIENTED_EDGE('',*,*,#953,.T.);
#494=ORIENTED_EDGE('',*,*,#954,.T.);
#495=ORIENTED_EDGE('',*,*,#907,.T.);
#496=ORIENTED_EDGE('',*,*,#955,.F.);
#497=ORIENTED_EDGE('',*,*,#956,.F.);
#498=ORIENTED_EDGE('',*,*,#892,.T.);
#499=ORIENTED_EDGE('',*,*,#906,.T.);
#500=ORIENTED_EDGE('',*,*,#954,.F.);
#501=ORIENTED_EDGE('',*,*,#957,.F.);
#502=ORIENTED_EDGE('',*,*,#955,.T.);
#503=ORIENTED_EDGE('',*,*,#953,.F.);
#504=ORIENTED_EDGE('',*,*,#893,.T.);
#505=ORIENTED_EDGE('',*,*,#956,.T.);
#506=ORIENTED_EDGE('',*,*,#957,.T.);
#507=ORIENTED_EDGE('',*,*,#935,.T.);
#508=ORIENTED_EDGE('',*,*,#946,.F.);
#509=ORIENTED_EDGE('',*,*,#940,.F.);
#510=ORIENTED_EDGE('',*,*,#958,.T.);
#511=ORIENTED_EDGE('',*,*,#959,.T.);
#512=ORIENTED_EDGE('',*,*,#877,.F.);
#513=ORIENTED_EDGE('',*,*,#960,.T.);
#514=ORIENTED_EDGE('',*,*,#961,.T.);
#515=ORIENTED_EDGE('',*,*,#938,.T.);
#516=ORIENTED_EDGE('',*,*,#962,.T.);
#517=ORIENTED_EDGE('',*,*,#963,.T.);
#518=ORIENTED_EDGE('',*,*,#964,.T.);
#519=ORIENTED_EDGE('',*,*,#943,.T.);
#520=ORIENTED_EDGE('',*,*,#902,.T.);
#521=ORIENTED_EDGE('',*,*,#881,.F.);
#522=ORIENTED_EDGE('',*,*,#965,.T.);
#523=ORIENTED_EDGE('',*,*,#919,.F.);
#524=ORIENTED_EDGE('',*,*,#966,.T.);
#525=ORIENTED_EDGE('',*,*,#967,.T.);
#526=ORIENTED_EDGE('',*,*,#968,.T.);
#527=ORIENTED_EDGE('',*,*,#969,.T.);
#528=ORIENTED_EDGE('',*,*,#970,.T.);
#529=ORIENTED_EDGE('',*,*,#971,.T.);
#530=ORIENTED_EDGE('',*,*,#972,.F.);
#531=ORIENTED_EDGE('',*,*,#972,.T.);
#532=ORIENTED_EDGE('',*,*,#870,.F.);
#533=ORIENTED_EDGE('',*,*,#973,.F.);
#534=ORIENTED_EDGE('',*,*,#974,.T.);
#535=ORIENTED_EDGE('',*,*,#973,.T.);
#536=ORIENTED_EDGE('',*,*,#975,.F.);
#537=ORIENTED_EDGE('',*,*,#975,.T.);
#538=ORIENTED_EDGE('',*,*,#971,.F.);
#539=ORIENTED_EDGE('',*,*,#974,.F.);
#540=ORIENTED_EDGE('',*,*,#976,.F.);
#541=ORIENTED_EDGE('',*,*,#976,.T.);
#542=ORIENTED_EDGE('',*,*,#977,.F.);
#543=ORIENTED_EDGE('',*,*,#977,.T.);
#544=ORIENTED_EDGE('',*,*,#978,.F.);
#545=ORIENTED_EDGE('',*,*,#978,.T.);
#546=ORIENTED_EDGE('',*,*,#979,.F.);
#547=ORIENTED_EDGE('',*,*,#979,.T.);
#548=ORIENTED_EDGE('',*,*,#980,.F.);
#549=ORIENTED_EDGE('',*,*,#980,.T.);
#550=ORIENTED_EDGE('',*,*,#981,.F.);
#551=ORIENTED_EDGE('',*,*,#981,.T.);
#552=ORIENTED_EDGE('',*,*,#982,.F.);
#553=ORIENTED_EDGE('',*,*,#982,.T.);
#554=ORIENTED_EDGE('',*,*,#983,.F.);
#555=ORIENTED_EDGE('',*,*,#983,.T.);
#556=ORIENTED_EDGE('',*,*,#984,.F.);
#557=ORIENTED_EDGE('',*,*,#984,.T.);
#558=ORIENTED_EDGE('',*,*,#985,.F.);
#559=ORIENTED_EDGE('',*,*,#985,.T.);
#560=ORIENTED_EDGE('',*,*,#986,.F.);
#561=ORIENTED_EDGE('',*,*,#986,.T.);
#562=ORIENTED_EDGE('',*,*,#918,.F.);
#563=ORIENTED_EDGE('',*,*,#890,.F.);
#564=ORIENTED_EDGE('',*,*,#950,.F.);
#565=ORIENTED_EDGE('',*,*,#987,.F.);
#566=ORIENTED_EDGE('',*,*,#898,.F.);
#567=ORIENTED_EDGE('',*,*,#988,.F.);
#568=ORIENTED_EDGE('',*,*,#901,.F.);
#569=ORIENTED_EDGE('',*,*,#989,.F.);
#570=ORIENTED_EDGE('',*,*,#880,.F.);
#571=ORIENTED_EDGE('',*,*,#990,.F.);
#572=ORIENTED_EDGE('',*,*,#987,.T.);
#573=ORIENTED_EDGE('',*,*,#991,.F.);
#574=ORIENTED_EDGE('',*,*,#965,.F.);
#575=ORIENTED_EDGE('',*,*,#989,.T.);
#576=ORIENTED_EDGE('',*,*,#992,.F.);
#577=ORIENTED_EDGE('',*,*,#988,.T.);
#578=ORIENTED_EDGE('',*,*,#879,.F.);
#579=ORIENTED_EDGE('',*,*,#993,.F.);
#580=ORIENTED_EDGE('',*,*,#963,.F.);
#581=ORIENTED_EDGE('',*,*,#944,.F.);
#582=ORIENTED_EDGE('',*,*,#964,.F.);
#583=ORIENTED_EDGE('',*,*,#994,.F.);
#584=ORIENTED_EDGE('',*,*,#962,.F.);
#585=ORIENTED_EDGE('',*,*,#991,.T.);
#586=ORIENTED_EDGE('',*,*,#949,.F.);
#587=ORIENTED_EDGE('',*,*,#995,.F.);
#588=ORIENTED_EDGE('',*,*,#909,.F.);
#589=ORIENTED_EDGE('',*,*,#990,.T.);
#590=ORIENTED_EDGE('',*,*,#912,.F.);
#591=ORIENTED_EDGE('',*,*,#996,.F.);
#592=ORIENTED_EDGE('',*,*,#899,.F.);
#593=ORIENTED_EDGE('',*,*,#992,.T.);
#594=ORIENTED_EDGE('',*,*,#900,.F.);
#595=ORIENTED_EDGE('',*,*,#997,.F.);
#596=ORIENTED_EDGE('',*,*,#920,.F.);
#597=ORIENTED_EDGE('',*,*,#993,.T.);
#598=ORIENTED_EDGE('',*,*,#888,.T.);
#599=ORIENTED_EDGE('',*,*,#998,.F.);
#600=ORIENTED_EDGE('',*,*,#994,.T.);
#601=ORIENTED_EDGE('',*,*,#999,.F.);
#602=ORIENTED_EDGE('',*,*,#995,.T.);
#603=ORIENTED_EDGE('',*,*,#1000,.F.);
#604=ORIENTED_EDGE('',*,*,#997,.T.);
#605=ORIENTED_EDGE('',*,*,#996,.T.);
#606=ORIENTED_EDGE('',*,*,#1001,.F.);
#607=ORIENTED_EDGE('',*,*,#998,.T.);
#608=ORIENTED_EDGE('',*,*,#887,.F.);
#609=ORIENTED_EDGE('',*,*,#1002,.F.);
#610=ORIENTED_EDGE('',*,*,#960,.F.);
#611=ORIENTED_EDGE('',*,*,#939,.F.);
#612=ORIENTED_EDGE('',*,*,#961,.F.);
#613=ORIENTED_EDGE('',*,*,#1003,.F.);
#614=ORIENTED_EDGE('',*,*,#958,.F.);
#615=ORIENTED_EDGE('',*,*,#947,.F.);
#616=ORIENTED_EDGE('',*,*,#915,.F.);
#617=ORIENTED_EDGE('',*,*,#1004,.F.);
#618=ORIENTED_EDGE('',*,*,#951,.F.);
#619=ORIENTED_EDGE('',*,*,#1000,.T.);
#620=ORIENTED_EDGE('',*,*,#952,.F.);
#621=ORIENTED_EDGE('',*,*,#1005,.F.);
#622=ORIENTED_EDGE('',*,*,#928,.F.);
#623=ORIENTED_EDGE('',*,*,#999,.T.);
#624=ORIENTED_EDGE('',*,*,#927,.F.);
#625=ORIENTED_EDGE('',*,*,#1006,.F.);
#626=ORIENTED_EDGE('',*,*,#910,.F.);
#627=ORIENTED_EDGE('',*,*,#1001,.T.);
#628=ORIENTED_EDGE('',*,*,#911,.F.);
#629=ORIENTED_EDGE('',*,*,#1007,.F.);
#630=ORIENTED_EDGE('',*,*,#921,.F.);
#631=ORIENTED_EDGE('',*,*,#1002,.T.);
#632=ORIENTED_EDGE('',*,*,#886,.T.);
#633=ORIENTED_EDGE('',*,*,#1008,.F.);
#634=ORIENTED_EDGE('',*,*,#1003,.T.);
#635=ORIENTED_EDGE('',*,*,#1005,.T.);
#636=ORIENTED_EDGE('',*,*,#1004,.T.);
#637=ORIENTED_EDGE('',*,*,#1009,.F.);
#638=ORIENTED_EDGE('',*,*,#929,.T.);
#639=ORIENTED_EDGE('',*,*,#1007,.T.);
#640=ORIENTED_EDGE('',*,*,#1006,.T.);
#641=ORIENTED_EDGE('',*,*,#1010,.F.);
#642=ORIENTED_EDGE('',*,*,#1008,.T.);
#643=ORIENTED_EDGE('',*,*,#885,.F.);
#644=ORIENTED_EDGE('',*,*,#1011,.F.);
#645=ORIENTED_EDGE('',*,*,#959,.F.);
#646=ORIENTED_EDGE('',*,*,#1012,.F.);
#647=ORIENTED_EDGE('',*,*,#925,.F.);
#648=ORIENTED_EDGE('',*,*,#1013,.F.);
#649=ORIENTED_EDGE('',*,*,#873,.F.);
#650=ORIENTED_EDGE('',*,*,#1013,.T.);
#651=ORIENTED_EDGE('',*,*,#924,.F.);
#652=ORIENTED_EDGE('',*,*,#1014,.F.);
#653=ORIENTED_EDGE('',*,*,#913,.F.);
#654=ORIENTED_EDGE('',*,*,#1009,.T.);
#655=ORIENTED_EDGE('',*,*,#914,.F.);
#656=ORIENTED_EDGE('',*,*,#1015,.F.);
#657=ORIENTED_EDGE('',*,*,#930,.F.);
#658=ORIENTED_EDGE('',*,*,#1010,.T.);
#659=ORIENTED_EDGE('',*,*,#934,.F.);
#660=ORIENTED_EDGE('',*,*,#1016,.F.);
#661=ORIENTED_EDGE('',*,*,#922,.F.);
#662=ORIENTED_EDGE('',*,*,#1011,.T.);
#663=ORIENTED_EDGE('',*,*,#884,.F.);
#664=ORIENTED_EDGE('',*,*,#1017,.F.);
#665=ORIENTED_EDGE('',*,*,#969,.F.);
#666=ORIENTED_EDGE('',*,*,#1018,.T.);
#667=ORIENTED_EDGE('',*,*,#878,.F.);
#668=ORIENTED_EDGE('',*,*,#1012,.T.);
#669=ORIENTED_EDGE('',*,*,#872,.T.);
#670=ORIENTED_EDGE('',*,*,#1018,.F.);
#671=ORIENTED_EDGE('',*,*,#1019,.F.);
#672=ORIENTED_EDGE('',*,*,#1015,.T.);
#673=ORIENTED_EDGE('',*,*,#1014,.T.);
#674=ORIENTED_EDGE('',*,*,#1020,.F.);
#675=ORIENTED_EDGE('',*,*,#966,.F.);
#676=ORIENTED_EDGE('',*,*,#1016,.T.);
#677=ORIENTED_EDGE('',*,*,#1021,.F.);
#678=ORIENTED_EDGE('',*,*,#1017,.T.);
#679=ORIENTED_EDGE('',*,*,#883,.F.);
#680=ORIENTED_EDGE('',*,*,#1022,.F.);
#681=ORIENTED_EDGE('',*,*,#970,.F.);
#682=ORIENTED_EDGE('',*,*,#1019,.T.);
#683=ORIENTED_EDGE('',*,*,#968,.F.);
#684=ORIENTED_EDGE('',*,*,#1023,.F.);
#685=ORIENTED_EDGE('',*,*,#926,.F.);
#686=ORIENTED_EDGE('',*,*,#1020,.T.);
#687=ORIENTED_EDGE('',*,*,#923,.F.);
#688=ORIENTED_EDGE('',*,*,#1024,.F.);
#689=ORIENTED_EDGE('',*,*,#931,.F.);
#690=ORIENTED_EDGE('',*,*,#1021,.T.);
#691=ORIENTED_EDGE('',*,*,#933,.F.);
#692=ORIENTED_EDGE('',*,*,#1025,.T.);
#693=ORIENTED_EDGE('',*,*,#967,.F.);
#694=ORIENTED_EDGE('',*,*,#1022,.T.);
#695=ORIENTED_EDGE('',*,*,#882,.F.);
#696=ORIENTED_EDGE('',*,*,#1024,.T.);
#697=ORIENTED_EDGE('',*,*,#1023,.T.);
#698=ORIENTED_EDGE('',*,*,#1025,.F.);
#699=ORIENTED_EDGE('',*,*,#932,.T.);
#700=ORIENTED_EDGE('',*,*,#908,.F.);
#701=ORIENTED_EDGE('',*,*,#868,.F.);
#702=ORIENTED_EDGE('',*,*,#871,.F.);
#703=ORIENTED_EDGE('',*,*,#869,.T.);
#704=ORIENTED_EDGE('',*,*,#1026,.T.);
#705=ORIENTED_EDGE('',*,*,#1027,.T.);
#706=ORIENTED_EDGE('',*,*,#1028,.F.);
#707=ORIENTED_EDGE('',*,*,#1029,.T.);
#708=ORIENTED_EDGE('',*,*,#1030,.T.);
#709=ORIENTED_EDGE('',*,*,#1031,.T.);
#710=ORIENTED_EDGE('',*,*,#1032,.F.);
#711=ORIENTED_EDGE('',*,*,#1033,.F.);
#712=ORIENTED_EDGE('',*,*,#1034,.F.);
#713=ORIENTED_EDGE('',*,*,#1035,.T.);
#714=ORIENTED_EDGE('',*,*,#1036,.T.);
#715=ORIENTED_EDGE('',*,*,#1037,.T.);
#716=ORIENTED_EDGE('',*,*,#1037,.F.);
#717=ORIENTED_EDGE('',*,*,#1038,.F.);
#718=ORIENTED_EDGE('',*,*,#1039,.F.);
#719=ORIENTED_EDGE('',*,*,#1040,.F.);
#720=ORIENTED_EDGE('',*,*,#1033,.T.);
#721=ORIENTED_EDGE('',*,*,#1031,.F.);
#722=ORIENTED_EDGE('',*,*,#1041,.F.);
#723=ORIENTED_EDGE('',*,*,#1026,.F.);
#724=ORIENTED_EDGE('',*,*,#1042,.F.);
#725=ORIENTED_EDGE('',*,*,#1043,.T.);
#726=ORIENTED_EDGE('',*,*,#1044,.T.);
#727=ORIENTED_EDGE('',*,*,#1045,.F.);
#728=ORIENTED_EDGE('',*,*,#1038,.T.);
#729=ORIENTED_EDGE('',*,*,#1032,.T.);
#730=ORIENTED_EDGE('',*,*,#1046,.T.);
#731=ORIENTED_EDGE('',*,*,#1027,.F.);
#732=ORIENTED_EDGE('',*,*,#1041,.T.);
#733=ORIENTED_EDGE('',*,*,#1047,.T.);
#734=ORIENTED_EDGE('',*,*,#1048,.F.);
#735=ORIENTED_EDGE('',*,*,#1049,.F.);
#736=ORIENTED_EDGE('',*,*,#1050,.F.);
#737=ORIENTED_EDGE('',*,*,#1034,.T.);
#738=ORIENTED_EDGE('',*,*,#1040,.T.);
#739=ORIENTED_EDGE('',*,*,#1051,.T.);
#740=ORIENTED_EDGE('',*,*,#1042,.T.);
#741=ORIENTED_EDGE('',*,*,#1029,.F.);
#742=ORIENTED_EDGE('',*,*,#1052,.F.);
#743=ORIENTED_EDGE('',*,*,#1053,.F.);
#744=ORIENTED_EDGE('',*,*,#1054,.F.);
#745=ORIENTED_EDGE('',*,*,#1045,.T.);
#746=ORIENTED_EDGE('',*,*,#1055,.F.);
#747=ORIENTED_EDGE('',*,*,#1047,.F.);
#748=ORIENTED_EDGE('',*,*,#1056,.F.);
#749=ORIENTED_EDGE('',*,*,#1057,.T.);
#750=ORIENTED_EDGE('',*,*,#1058,.F.);
#751=ORIENTED_EDGE('',*,*,#1059,.T.);
#752=ORIENTED_EDGE('',*,*,#1056,.T.);
#753=ORIENTED_EDGE('',*,*,#1043,.F.);
#754=ORIENTED_EDGE('',*,*,#1051,.F.);
#755=ORIENTED_EDGE('',*,*,#1039,.T.);
#756=ORIENTED_EDGE('',*,*,#1054,.T.);
#757=ORIENTED_EDGE('',*,*,#1036,.F.);
#758=ORIENTED_EDGE('',*,*,#1044,.F.);
#759=ORIENTED_EDGE('',*,*,#1035,.F.);
#760=ORIENTED_EDGE('',*,*,#1050,.T.);
#761=ORIENTED_EDGE('',*,*,#1060,.T.);
#762=ORIENTED_EDGE('',*,*,#1061,.F.);
#763=ORIENTED_EDGE('',*,*,#1055,.T.);
#764=ORIENTED_EDGE('',*,*,#1062,.F.);
#765=ORIENTED_EDGE('',*,*,#1063,.F.);
#766=ORIENTED_EDGE('',*,*,#1048,.T.);
#767=ORIENTED_EDGE('',*,*,#1064,.F.);
#768=ORIENTED_EDGE('',*,*,#1030,.F.);
#769=ORIENTED_EDGE('',*,*,#1065,.F.);
#770=ORIENTED_EDGE('',*,*,#1064,.T.);
#771=ORIENTED_EDGE('',*,*,#1052,.T.);
#772=ORIENTED_EDGE('',*,*,#1028,.T.);
#773=ORIENTED_EDGE('',*,*,#1046,.F.);
#774=ORIENTED_EDGE('',*,*,#1058,.T.);
#775=ORIENTED_EDGE('',*,*,#1049,.T.);
#776=ORIENTED_EDGE('',*,*,#1063,.T.);
#777=ORIENTED_EDGE('',*,*,#1066,.F.);
#778=ORIENTED_EDGE('',*,*,#1060,.F.);
#779=ORIENTED_EDGE('',*,*,#1066,.T.);
#780=ORIENTED_EDGE('',*,*,#1062,.T.);
#781=ORIENTED_EDGE('',*,*,#1065,.T.);
#782=ORIENTED_EDGE('',*,*,#1057,.F.);
#783=ORIENTED_EDGE('',*,*,#1059,.F.);
#784=ORIENTED_EDGE('',*,*,#1053,.T.);
#785=ORIENTED_EDGE('',*,*,#1061,.T.);
#786=ORIENTED_EDGE('',*,*,#1067,.T.);
#787=ORIENTED_EDGE('',*,*,#1068,.T.);
#788=ORIENTED_EDGE('',*,*,#1069,.F.);
#789=ORIENTED_EDGE('',*,*,#1070,.T.);
#790=ORIENTED_EDGE('',*,*,#1071,.T.);
#791=ORIENTED_EDGE('',*,*,#1072,.F.);
#792=ORIENTED_EDGE('',*,*,#1071,.F.);
#793=ORIENTED_EDGE('',*,*,#1073,.F.);
#794=ORIENTED_EDGE('',*,*,#1074,.F.);
#795=ORIENTED_EDGE('',*,*,#1075,.T.);
#796=ORIENTED_EDGE('',*,*,#1069,.T.);
#797=ORIENTED_EDGE('',*,*,#1076,.F.);
#798=ORIENTED_EDGE('',*,*,#1077,.F.);
#799=ORIENTED_EDGE('',*,*,#1078,.F.);
#800=ORIENTED_EDGE('',*,*,#1079,.T.);
#801=ORIENTED_EDGE('',*,*,#1080,.T.);
#802=ORIENTED_EDGE('',*,*,#1081,.F.);
#803=ORIENTED_EDGE('',*,*,#1082,.F.);
#804=ORIENTED_EDGE('',*,*,#1083,.F.);
#805=ORIENTED_EDGE('',*,*,#1078,.T.);
#806=ORIENTED_EDGE('',*,*,#1076,.T.);
#807=ORIENTED_EDGE('',*,*,#1084,.F.);
#808=ORIENTED_EDGE('',*,*,#1081,.T.);
#809=ORIENTED_EDGE('',*,*,#1077,.T.);
#810=ORIENTED_EDGE('',*,*,#1085,.F.);
#811=ORIENTED_EDGE('',*,*,#1086,.F.);
#812=ORIENTED_EDGE('',*,*,#1087,.T.);
#813=ORIENTED_EDGE('',*,*,#1073,.T.);
#814=ORIENTED_EDGE('',*,*,#1068,.F.);
#815=ORIENTED_EDGE('',*,*,#1088,.F.);
#816=ORIENTED_EDGE('',*,*,#1089,.F.);
#817=ORIENTED_EDGE('',*,*,#1090,.T.);
#818=ORIENTED_EDGE('',*,*,#1070,.F.);
#819=ORIENTED_EDGE('',*,*,#1075,.F.);
#820=ORIENTED_EDGE('',*,*,#1091,.T.);
#821=ORIENTED_EDGE('',*,*,#1079,.F.);
#822=ORIENTED_EDGE('',*,*,#1083,.T.);
#823=ORIENTED_EDGE('',*,*,#1092,.T.);
#824=ORIENTED_EDGE('',*,*,#1093,.F.);
#825=ORIENTED_EDGE('',*,*,#1094,.T.);
#826=ORIENTED_EDGE('',*,*,#1095,.T.);
#827=ORIENTED_EDGE('',*,*,#1096,.F.);
#828=ORIENTED_EDGE('',*,*,#1087,.F.);
#829=ORIENTED_EDGE('',*,*,#1097,.T.);
#830=ORIENTED_EDGE('',*,*,#1085,.T.);
#831=ORIENTED_EDGE('',*,*,#1098,.F.);
#832=ORIENTED_EDGE('',*,*,#1099,.F.);
#833=ORIENTED_EDGE('',*,*,#1084,.T.);
#834=ORIENTED_EDGE('',*,*,#1082,.T.);
#835=ORIENTED_EDGE('',*,*,#1086,.T.);
#836=ORIENTED_EDGE('',*,*,#1097,.F.);
#837=ORIENTED_EDGE('',*,*,#1100,.T.);
#838=ORIENTED_EDGE('',*,*,#1101,.F.);
#839=ORIENTED_EDGE('',*,*,#1092,.F.);
#840=ORIENTED_EDGE('',*,*,#1102,.T.);
#841=ORIENTED_EDGE('',*,*,#1098,.T.);
#842=ORIENTED_EDGE('',*,*,#1080,.F.);
#843=ORIENTED_EDGE('',*,*,#1091,.F.);
#844=ORIENTED_EDGE('',*,*,#1074,.T.);
#845=ORIENTED_EDGE('',*,*,#1096,.T.);
#846=ORIENTED_EDGE('',*,*,#1103,.F.);
#847=ORIENTED_EDGE('',*,*,#1104,.T.);
#848=ORIENTED_EDGE('',*,*,#1089,.T.);
#849=ORIENTED_EDGE('',*,*,#1105,.F.);
#850=ORIENTED_EDGE('',*,*,#1106,.F.);
#851=ORIENTED_EDGE('',*,*,#1105,.T.);
#852=ORIENTED_EDGE('',*,*,#1093,.T.);
#853=ORIENTED_EDGE('',*,*,#1101,.T.);
#854=ORIENTED_EDGE('',*,*,#1072,.T.);
#855=ORIENTED_EDGE('',*,*,#1104,.F.);
#856=ORIENTED_EDGE('',*,*,#1107,.T.);
#857=ORIENTED_EDGE('',*,*,#1094,.F.);
#858=ORIENTED_EDGE('',*,*,#1088,.T.);
#859=ORIENTED_EDGE('',*,*,#1067,.F.);
#860=ORIENTED_EDGE('',*,*,#1090,.F.);
#861=ORIENTED_EDGE('',*,*,#1103,.T.);
#862=ORIENTED_EDGE('',*,*,#1106,.T.);
#863=ORIENTED_EDGE('',*,*,#1100,.F.);
#864=ORIENTED_EDGE('',*,*,#1099,.T.);
#865=ORIENTED_EDGE('',*,*,#1102,.F.);
#866=ORIENTED_EDGE('',*,*,#1095,.F.);
#867=ORIENTED_EDGE('',*,*,#1107,.F.);
#868=EDGE_CURVE('',#1108,#1108,#1266,.T.);
#869=EDGE_CURVE('',#1109,#1109,#1267,.F.);
#870=EDGE_CURVE('',#1110,#1110,#1268,.T.);
#871=EDGE_CURVE('',#1111,#1111,#1269,.T.);
#872=EDGE_CURVE('',#1112,#1113,#1270,.T.);
#873=EDGE_CURVE('',#1112,#1114,#42,.T.);
#874=EDGE_CURVE('',#1115,#1114,#43,.T.);
#875=EDGE_CURVE('',#1116,#1115,#44,.T.);
#876=EDGE_CURVE('',#1117,#1116,#45,.T.);
#877=EDGE_CURVE('',#1117,#1118,#46,.T.);
#878=EDGE_CURVE('',#1118,#1113,#47,.T.);
#879=EDGE_CURVE('',#1119,#1120,#48,.F.);
#880=EDGE_CURVE('',#1120,#1121,#49,.F.);
#881=EDGE_CURVE('',#1121,#1122,#50,.T.);
#882=EDGE_CURVE('',#1122,#1123,#51,.T.);
#883=EDGE_CURVE('',#1123,#1124,#52,.F.);
#884=EDGE_CURVE('',#1124,#1125,#53,.F.);
#885=EDGE_CURVE('',#1125,#1126,#54,.T.);
#886=EDGE_CURVE('',#1127,#1126,#1271,.F.);
#887=EDGE_CURVE('',#1127,#1128,#55,.F.);
#888=EDGE_CURVE('',#1119,#1128,#1272,.F.);
#889=EDGE_CURVE('',#1129,#1130,#56,.T.);
#890=EDGE_CURVE('',#1130,#1131,#1273,.T.);
#891=EDGE_CURVE('',#1132,#1131,#57,.T.);
#892=EDGE_CURVE('',#1133,#1132,#58,.T.);
#893=EDGE_CURVE('',#1134,#1133,#59,.T.);
#894=EDGE_CURVE('',#1134,#1135,#60,.T.);
#895=EDGE_CURVE('',#1136,#1135,#61,.T.);
#896=EDGE_CURVE('',#1137,#1136,#62,.T.);
#897=EDGE_CURVE('',#1137,#1129,#63,.T.);
#898=EDGE_CURVE('',#1131,#1138,#64,.T.);
#899=EDGE_CURVE('',#1138,#1139,#65,.T.);
#900=EDGE_CURVE('',#1139,#1140,#66,.F.);
#901=EDGE_CURVE('',#1140,#1141,#67,.T.);
#902=EDGE_CURVE('',#1142,#1141,#68,.T.);
#903=EDGE_CURVE('',#1143,#1142,#69,.T.);
#904=EDGE_CURVE('',#1143,#1136,#70,.T.);
#905=EDGE_CURVE('',#1135,#1144,#71,.T.);
#906=EDGE_CURVE('',#1145,#1144,#72,.T.);
#907=EDGE_CURVE('',#1132,#1145,#73,.T.);
#908=EDGE_CURVE('',#1146,#1146,#1274,.F.);
#909=EDGE_CURVE('',#1147,#1148,#74,.F.);
#910=EDGE_CURVE('',#1148,#1149,#75,.F.);
#911=EDGE_CURVE('',#1149,#1150,#76,.T.);
#912=EDGE_CURVE('',#1150,#1147,#77,.F.);
#913=EDGE_CURVE('',#1114,#1151,#78,.T.);
#914=EDGE_CURVE('',#1151,#1152,#79,.F.);
#915=EDGE_CURVE('',#1152,#1153,#80,.T.);
#916=EDGE_CURVE('',#1154,#1153,#81,.T.);
#917=EDGE_CURVE('',#1154,#1115,#82,.T.);
#918=EDGE_CURVE('',#1155,#1155,#1275,.T.);
#919=EDGE_CURVE('',#1156,#1157,#83,.F.);
#920=EDGE_CURVE('',#1157,#1158,#84,.T.);
#921=EDGE_CURVE('',#1158,#1159,#85,.F.);
#922=EDGE_CURVE('',#1159,#1156,#86,.F.);
#923=EDGE_CURVE('',#1160,#1161,#87,.T.);
#924=EDGE_CURVE('',#1161,#1162,#88,.F.);
#925=EDGE_CURVE('',#1162,#1163,#89,.F.);
#926=EDGE_CURVE('',#1163,#1160,#90,.T.);
#927=EDGE_CURVE('',#1164,#1165,#91,.T.);
#928=EDGE_CURVE('',#1165,#1166,#92,.T.);
#929=EDGE_CURVE('',#1167,#1166,#1276,.F.);
#930=EDGE_CURVE('',#1167,#1168,#93,.T.);
#931=EDGE_CURVE('',#1168,#1169,#94,.F.);
#932=EDGE_CURVE('',#1170,#1169,#1277,.F.);
#933=EDGE_CURVE('',#1170,#1171,#95,.F.);
#934=EDGE_CURVE('',#1171,#1164,#96,.T.);
#935=EDGE_CURVE('',#1172,#1172,#1278,.T.);
#936=EDGE_CURVE('',#1173,#1143,#97,.T.);
#937=EDGE_CURVE('',#1173,#1137,#98,.T.);
#938=EDGE_CURVE('',#1174,#1175,#99,.T.);
#939=EDGE_CURVE('',#1174,#1176,#1279,.T.);
#940=EDGE_CURVE('',#1176,#1117,#100,.T.);
#941=EDGE_CURVE('',#1177,#1116,#101,.T.);
#942=EDGE_CURVE('',#1173,#1177,#102,.T.);
#943=EDGE_CURVE('',#1178,#1142,#103,.T.);
#944=EDGE_CURVE('',#1178,#1175,#1280,.T.);
#945=EDGE_CURVE('',#1177,#1154,#104,.T.);
#946=EDGE_CURVE('',#1179,#1179,#1281,.F.);
#947=EDGE_CURVE('',#1153,#1180,#1282,.F.);
#948=EDGE_CURVE('',#1180,#1129,#105,.T.);
#949=EDGE_CURVE('',#1181,#1182,#106,.T.);
#950=EDGE_CURVE('',#1182,#1130,#107,.F.);
#951=EDGE_CURVE('',#1180,#1183,#108,.F.);
#952=EDGE_CURVE('',#1183,#1181,#109,.F.);
#953=EDGE_CURVE('',#1134,#1184,#110,.T.);
#954=EDGE_CURVE('',#1184,#1144,#111,.T.);
#955=EDGE_CURVE('',#1185,#1145,#112,.T.);
#956=EDGE_CURVE('',#1133,#1185,#113,.T.);
#957=EDGE_CURVE('',#1185,#1184,#114,.T.);
#958=EDGE_CURVE('',#1176,#1186,#115,.T.);
#959=EDGE_CURVE('',#1186,#1118,#116,.F.);
#960=EDGE_CURVE('',#1187,#1188,#117,.T.);
#961=EDGE_CURVE('',#1188,#1174,#118,.F.);
#962=EDGE_CURVE('',#1175,#1187,#119,.T.);
#963=EDGE_CURVE('',#1141,#1189,#120,.T.);
#964=EDGE_CURVE('',#1189,#1178,#121,.F.);
#965=EDGE_CURVE('',#1121,#1157,#1283,.F.);
#966=EDGE_CURVE('',#1156,#1122,#1284,.T.);
#967=EDGE_CURVE('',#1190,#1191,#122,.T.);
#968=EDGE_CURVE('',#1191,#1192,#123,.F.);
#969=EDGE_CURVE('',#1192,#1193,#124,.F.);
#970=EDGE_CURVE('',#1193,#1190,#125,.T.);
#971=EDGE_CURVE('',#1194,#1194,#1285,.F.);
#972=EDGE_CURVE('',#1195,#1195,#1286,.T.);
#973=EDGE_CURVE('',#1196,#1196,#1287,.F.);
#974=EDGE_CURVE('',#1197,#1197,#1288,.T.);
#975=EDGE_CURVE('',#1198,#1198,#1289,.F.);
#976=EDGE_CURVE('',#1199,#1199,#1290,.T.);
#977=EDGE_CURVE('',#1200,#1200,#1291,.T.);
#978=EDGE_CURVE('',#1201,#1201,#1292,.T.);
#979=EDGE_CURVE('',#1202,#1202,#1293,.T.);
#980=EDGE_CURVE('',#1203,#1203,#1294,.T.);
#981=EDGE_CURVE('',#1204,#1204,#1295,.T.);
#982=EDGE_CURVE('',#1205,#1205,#1296,.T.);
#983=EDGE_CURVE('',#1206,#1206,#1297,.T.);
#984=EDGE_CURVE('',#1207,#1207,#1298,.T.);
#985=EDGE_CURVE('',#1208,#1208,#1299,.T.);
#986=EDGE_CURVE('',#1209,#1209,#1300,.T.);
#987=EDGE_CURVE('',#1138,#1182,#1301,.T.);
#988=EDGE_CURVE('',#1141,#1120,#23,.F.);
#989=EDGE_CURVE('',#1121,#1140,#1302,.T.);
#990=EDGE_CURVE('',#1138,#1147,#1303,.F.);
#991=EDGE_CURVE('',#1147,#1182,#1304,.F.);
#992=EDGE_CURVE('',#1157,#1140,#1305,.T.);
#993=EDGE_CURVE('',#1189,#1119,#1306,.T.);
#994=EDGE_CURVE('',#1187,#1189,#1307,.T.);
#995=EDGE_CURVE('',#1148,#1181,#1308,.T.);
#996=EDGE_CURVE('',#1139,#1150,#1309,.T.);
#997=EDGE_CURVE('',#1158,#1139,#1310,.T.);
#998=EDGE_CURVE('',#1187,#1128,#1311,.F.);
#999=EDGE_CURVE('',#1148,#1165,#1312,.F.);
#1000=EDGE_CURVE('',#1165,#1181,#1313,.F.);
#1001=EDGE_CURVE('',#1158,#1150,#1314,.F.);
#1002=EDGE_CURVE('',#1188,#1127,#1315,.T.);
#1003=EDGE_CURVE('',#1186,#1188,#1316,.T.);
#1004=EDGE_CURVE('',#1183,#1152,#1317,.T.);
#1005=EDGE_CURVE('',#1166,#1183,#1318,.T.);
#1006=EDGE_CURVE('',#1149,#1164,#1319,.T.);
#1007=EDGE_CURVE('',#1159,#1149,#1320,.T.);
#1008=EDGE_CURVE('',#1186,#1126,#1321,.F.);
#1009=EDGE_CURVE('',#1167,#1152,#1322,.F.);
#1010=EDGE_CURVE('',#1159,#1164,#1323,.F.);
#1011=EDGE_CURVE('',#1118,#1125,#24,.T.);
#1012=EDGE_CURVE('',#1163,#1112,#1324,.T.);
#1013=EDGE_CURVE('',#1114,#1162,#25,.F.);
#1014=EDGE_CURVE('',#1151,#1161,#1325,.T.);
#1015=EDGE_CURVE('',#1168,#1151,#1326,.T.);
#1016=EDGE_CURVE('',#1156,#1171,#1327,.T.);
#1017=EDGE_CURVE('',#1193,#1124,#26,.F.);
#1018=EDGE_CURVE('',#1192,#1113,#1328,.F.);
#1019=EDGE_CURVE('',#1163,#1192,#1329,.T.);
#1020=EDGE_CURVE('',#1168,#1161,#1330,.F.);
#1021=EDGE_CURVE('',#1122,#1171,#1331,.T.);
#1022=EDGE_CURVE('',#1190,#1123,#27,.F.);
#1023=EDGE_CURVE('',#1160,#1191,#1332,.T.);
#1024=EDGE_CURVE('',#1169,#1160,#1333,.T.);
#1025=EDGE_CURVE('',#1170,#1191,#1334,.F.);
#1026=EDGE_CURVE('',#1210,#1211,#126,.T.);
#1027=EDGE_CURVE('',#1211,#1212,#127,.T.);
#1028=EDGE_CURVE('',#1213,#1212,#128,.T.);
#1029=EDGE_CURVE('',#1213,#1210,#129,.T.);
#1030=EDGE_CURVE('',#1214,#1214,#1335,.T.);
#1031=EDGE_CURVE('',#1215,#1215,#1336,.F.);
#1032=EDGE_CURVE('',#1216,#1217,#130,.T.);
#1033=EDGE_CURVE('',#1218,#1216,#131,.T.);
#1034=EDGE_CURVE('',#1219,#1218,#132,.T.);
#1035=EDGE_CURVE('',#1219,#1217,#133,.T.);
#1036=EDGE_CURVE('',#1220,#1220,#1337,.T.);
#1037=EDGE_CURVE('',#1221,#1221,#1338,.F.);
#1038=EDGE_CURVE('',#1222,#1216,#134,.T.);
#1039=EDGE_CURVE('',#1223,#1222,#135,.T.);
#1040=EDGE_CURVE('',#1218,#1223,#136,.T.);
#1041=EDGE_CURVE('',#1211,#1224,#137,.T.);
#1042=EDGE_CURVE('',#1225,#1210,#138,.T.);
#1043=EDGE_CURVE('',#1225,#1224,#139,.T.);
#1044=EDGE_CURVE('',#1217,#1226,#140,.T.);
#1045=EDGE_CURVE('',#1222,#1226,#141,.T.);
#1046=EDGE_CURVE('',#1227,#1212,#142,.T.);
#1047=EDGE_CURVE('',#1224,#1227,#143,.T.);
#1048=EDGE_CURVE('',#1228,#1229,#1339,.T.);
#1049=EDGE_CURVE('',#1230,#1228,#1340,.T.);
#1050=EDGE_CURVE('',#1219,#1230,#144,.T.);
#1051=EDGE_CURVE('',#1223,#1225,#1341,.T.);
#1052=EDGE_CURVE('',#1229,#1213,#145,.T.);
#1053=EDGE_CURVE('',#1231,#1232,#146,.T.);
#1054=EDGE_CURVE('',#1222,#1231,#147,.T.);
#1055=EDGE_CURVE('',#1232,#1226,#148,.T.);
#1056=EDGE_CURVE('',#1233,#1224,#149,.T.);
#1057=EDGE_CURVE('',#1233,#1234,#150,.T.);
#1058=EDGE_CURVE('',#1227,#1234,#151,.T.);
#1059=EDGE_CURVE('',#1231,#1233,#1342,.T.);
#1060=EDGE_CURVE('',#1230,#1235,#152,.T.);
#1061=EDGE_CURVE('',#1232,#1235,#153,.T.);
#1062=EDGE_CURVE('',#1236,#1237,#1343,.T.);
#1063=EDGE_CURVE('',#1228,#1236,#154,.T.);
#1064=EDGE_CURVE('',#1237,#1229,#155,.F.);
#1065=EDGE_CURVE('',#1237,#1234,#156,.T.);
#1066=EDGE_CURVE('',#1235,#1236,#1344,.T.);
#1067=EDGE_CURVE('',#1238,#1239,#157,.T.);
#1068=EDGE_CURVE('',#1239,#1240,#158,.T.);
#1069=EDGE_CURVE('',#1241,#1240,#159,.T.);
#1070=EDGE_CURVE('',#1241,#1238,#160,.T.);
#1071=EDGE_CURVE('',#1242,#1242,#1345,.T.);
#1072=EDGE_CURVE('',#1243,#1243,#1346,.T.);
#1073=EDGE_CURVE('',#1244,#1240,#161,.T.);
#1074=EDGE_CURVE('',#1245,#1244,#162,.T.);
#1075=EDGE_CURVE('',#1245,#1241,#163,.T.);
#1076=EDGE_CURVE('',#1246,#1246,#1347,.T.);
#1077=EDGE_CURVE('',#1247,#1248,#164,.T.);
#1078=EDGE_CURVE('',#1249,#1247,#165,.T.);
#1079=EDGE_CURVE('',#1249,#1250,#166,.T.);
#1080=EDGE_CURVE('',#1250,#1248,#167,.T.);
#1081=EDGE_CURVE('',#1251,#1247,#168,.T.);
#1082=EDGE_CURVE('',#1252,#1251,#169,.T.);
#1083=EDGE_CURVE('',#1249,#1252,#170,.T.);
#1084=EDGE_CURVE('',#1253,#1253,#1348,.T.);
#1085=EDGE_CURVE('',#1254,#1248,#171,.T.);
#1086=EDGE_CURVE('',#1251,#1254,#172,.T.);
#1087=EDGE_CURVE('',#1255,#1244,#173,.T.);
#1088=EDGE_CURVE('',#1255,#1239,#174,.T.);
#1089=EDGE_CURVE('',#1256,#1257,#1349,.T.);
#1090=EDGE_CURVE('',#1256,#1238,#175,.T.);
#1091=EDGE_CURVE('',#1245,#1250,#1350,.T.);
#1092=EDGE_CURVE('',#1252,#1258,#176,.T.);
#1093=EDGE_CURVE('',#1257,#1258,#1351,.T.);
#1094=EDGE_CURVE('',#1255,#1259,#177,.T.);
#1095=EDGE_CURVE('',#1259,#1260,#178,.T.);
#1096=EDGE_CURVE('',#1244,#1260,#179,.T.);
#1097=EDGE_CURVE('',#1261,#1254,#180,.T.);
#1098=EDGE_CURVE('',#1262,#1248,#181,.T.);
#1099=EDGE_CURVE('',#1261,#1262,#182,.T.);
#1100=EDGE_CURVE('',#1261,#1263,#183,.T.);
#1101=EDGE_CURVE('',#1258,#1263,#184,.T.);
#1102=EDGE_CURVE('',#1260,#1262,#1352,.T.);
#1103=EDGE_CURVE('',#1264,#1265,#1353,.T.);
#1104=EDGE_CURVE('',#1264,#1256,#185,.F.);
#1105=EDGE_CURVE('',#1265,#1257,#186,.F.);
#1106=EDGE_CURVE('',#1265,#1263,#1354,.T.);
#1107=EDGE_CURVE('',#1264,#1259,#187,.T.);
#1108=VERTEX_POINT('',#2628);
#1109=VERTEX_POINT('',#2630);
#1110=VERTEX_POINT('',#2633);
#1111=VERTEX_POINT('',#2635);
#1112=VERTEX_POINT('',#2638);
#1113=VERTEX_POINT('',#2639);
#1114=VERTEX_POINT('',#2641);
#1115=VERTEX_POINT('',#2643);
#1116=VERTEX_POINT('',#2645);
#1117=VERTEX_POINT('',#2647);
#1118=VERTEX_POINT('',#2649);
#1119=VERTEX_POINT('',#2653);
#1120=VERTEX_POINT('',#2654);
#1121=VERTEX_POINT('',#2656);
#1122=VERTEX_POINT('',#2658);
#1123=VERTEX_POINT('',#2660);
#1124=VERTEX_POINT('',#2662);
#1125=VERTEX_POINT('',#2664);
#1126=VERTEX_POINT('',#2666);
#1127=VERTEX_POINT('',#2668);
#1128=VERTEX_POINT('',#2670);
#1129=VERTEX_POINT('',#2674);
#1130=VERTEX_POINT('',#2675);
#1131=VERTEX_POINT('',#2677);
#1132=VERTEX_POINT('',#2679);
#1133=VERTEX_POINT('',#2681);
#1134=VERTEX_POINT('',#2683);
#1135=VERTEX_POINT('',#2685);
#1136=VERTEX_POINT('',#2687);
#1137=VERTEX_POINT('',#2689);
#1138=VERTEX_POINT('',#2693);
#1139=VERTEX_POINT('',#2695);
#1140=VERTEX_POINT('',#2697);
#1141=VERTEX_POINT('',#2699);
#1142=VERTEX_POINT('',#2701);
#1143=VERTEX_POINT('',#2703);
#1144=VERTEX_POINT('',#2706);
#1145=VERTEX_POINT('',#2708);
#1146=VERTEX_POINT('',#2712);
#1147=VERTEX_POINT('',#2714);
#1148=VERTEX_POINT('',#2715);
#1149=VERTEX_POINT('',#2717);
#1150=VERTEX_POINT('',#2719);
#1151=VERTEX_POINT('',#2723);
#1152=VERTEX_POINT('',#2725);
#1153=VERTEX_POINT('',#2727);
#1154=VERTEX_POINT('',#2729);
#1155=VERTEX_POINT('',#2733);
#1156=VERTEX_POINT('',#2735);
#1157=VERTEX_POINT('',#2736);
#1158=VERTEX_POINT('',#2738);
#1159=VERTEX_POINT('',#2740);
#1160=VERTEX_POINT('',#2744);
#1161=VERTEX_POINT('',#2745);
#1162=VERTEX_POINT('',#2747);
#1163=VERTEX_POINT('',#2749);
#1164=VERTEX_POINT('',#2753);
#1165=VERTEX_POINT('',#2754);
#1166=VERTEX_POINT('',#2756);
#1167=VERTEX_POINT('',#2758);
#1168=VERTEX_POINT('',#2760);
#1169=VERTEX_POINT('',#2762);
#1170=VERTEX_POINT('',#2764);
#1171=VERTEX_POINT('',#2766);
#1172=VERTEX_POINT('',#2769);
#1173=VERTEX_POINT('',#2772);
#1174=VERTEX_POINT('',#2776);
#1175=VERTEX_POINT('',#2777);
#1176=VERTEX_POINT('',#2779);
#1177=VERTEX_POINT('',#2782);
#1178=VERTEX_POINT('',#2785);
#1179=VERTEX_POINT('',#2791);
#1180=VERTEX_POINT('',#2793);
#1181=VERTEX_POINT('',#2797);
#1182=VERTEX_POINT('',#2798);
#1183=VERTEX_POINT('',#2801);
#1184=VERTEX_POINT('',#2805);
#1185=VERTEX_POINT('',#2809);
#1186=VERTEX_POINT('',#2817);
#1187=VERTEX_POINT('',#2821);
#1188=VERTEX_POINT('',#2822);
#1189=VERTEX_POINT('',#2827);
#1190=VERTEX_POINT('',#2834);
#1191=VERTEX_POINT('',#2835);
#1192=VERTEX_POINT('',#2837);
#1193=VERTEX_POINT('',#2839);
#1194=VERTEX_POINT('',#2843);
#1195=VERTEX_POINT('',#2845);
#1196=VERTEX_POINT('',#2849);
#1197=VERTEX_POINT('',#2851);
#1198=VERTEX_POINT('',#2854);
#1199=VERTEX_POINT('',#2858);
#1200=VERTEX_POINT('',#2861);
#1201=VERTEX_POINT('',#2864);
#1202=VERTEX_POINT('',#2867);
#1203=VERTEX_POINT('',#2870);
#1204=VERTEX_POINT('',#2873);
#1205=VERTEX_POINT('',#2876);
#1206=VERTEX_POINT('',#2879);
#1207=VERTEX_POINT('',#2882);
#1208=VERTEX_POINT('',#2885);
#1209=VERTEX_POINT('',#2888);
#1210=VERTEX_POINT('',#2969);
#1211=VERTEX_POINT('',#2970);
#1212=VERTEX_POINT('',#2972);
#1213=VERTEX_POINT('',#2974);
#1214=VERTEX_POINT('',#2978);
#1215=VERTEX_POINT('',#2980);
#1216=VERTEX_POINT('',#2983);
#1217=VERTEX_POINT('',#2984);
#1218=VERTEX_POINT('',#2986);
#1219=VERTEX_POINT('',#2988);
#1220=VERTEX_POINT('',#2992);
#1221=VERTEX_POINT('',#2994);
#1222=VERTEX_POINT('',#2997);
#1223=VERTEX_POINT('',#2999);
#1224=VERTEX_POINT('',#3003);
#1225=VERTEX_POINT('',#3005);
#1226=VERTEX_POINT('',#3009);
#1227=VERTEX_POINT('',#3013);
#1228=VERTEX_POINT('',#3017);
#1229=VERTEX_POINT('',#3018);
#1230=VERTEX_POINT('',#3020);
#1231=VERTEX_POINT('',#3026);
#1232=VERTEX_POINT('',#3027);
#1233=VERTEX_POINT('',#3032);
#1234=VERTEX_POINT('',#3034);
#1235=VERTEX_POINT('',#3040);
#1236=VERTEX_POINT('',#3044);
#1237=VERTEX_POINT('',#3045);
#1238=VERTEX_POINT('',#3056);
#1239=VERTEX_POINT('',#3057);
#1240=VERTEX_POINT('',#3059);
#1241=VERTEX_POINT('',#3061);
#1242=VERTEX_POINT('',#3065);
#1243=VERTEX_POINT('',#3067);
#1244=VERTEX_POINT('',#3070);
#1245=VERTEX_POINT('',#3072);
#1246=VERTEX_POINT('',#3076);
#1247=VERTEX_POINT('',#3078);
#1248=VERTEX_POINT('',#3079);
#1249=VERTEX_POINT('',#3081);
#1250=VERTEX_POINT('',#3083);
#1251=VERTEX_POINT('',#3087);
#1252=VERTEX_POINT('',#3089);
#1253=VERTEX_POINT('',#3093);
#1254=VERTEX_POINT('',#3096);
#1255=VERTEX_POINT('',#3100);
#1256=VERTEX_POINT('',#3104);
#1257=VERTEX_POINT('',#3105);
#1258=VERTEX_POINT('',#3109);
#1259=VERTEX_POINT('',#3113);
#1260=VERTEX_POINT('',#3115);
#1261=VERTEX_POINT('',#3119);
#1262=VERTEX_POINT('',#3121);
#1263=VERTEX_POINT('',#3125);
#1264=VERTEX_POINT('',#3131);
#1265=VERTEX_POINT('',#3132);
#1266=CIRCLE('',#1848,0.0140984998135693);
#1267=CIRCLE('',#1849,0.0140984998135693);
#1268=CIRCLE('',#1851,0.0032);
#1269=CIRCLE('',#1852,0.00711652659209231);
#1270=CIRCLE('',#1854,0.01016);
#1271=CIRCLE('',#1856,0.01016);
#1272=CIRCLE('',#1857,0.01016);
#1273=CIRCLE('',#1859,0.00508);
#1274=CIRCLE('',#1862,0.0191784998135693);
#1275=CIRCLE('',#1865,0.005762);
#1276=CIRCLE('',#1868,0.01016);
#1277=CIRCLE('',#1869,0.01016);
#1278=CIRCLE('',#1870,0.018034);
#1279=CIRCLE('',#1873,0.00508);
#1280=CIRCLE('',#1874,0.00508);
#1281=CIRCLE('',#1877,0.018034);
#1282=CIRCLE('',#1878,0.00508);
#1283=CIRCLE('',#1889,0.00508);
#1284=CIRCLE('',#1890,0.00508);
#1285=CIRCLE('',#1893,0.0015);
#1286=CIRCLE('',#1894,0.0032);
#1287=CIRCLE('',#1897,0.0015);
#1288=CIRCLE('',#1898,0.0015);
#1289=CIRCLE('',#1900,0.0015);
#1290=CIRCLE('',#1903,0.00175);
#1291=CIRCLE('',#1905,0.00305366666666667);
#1292=CIRCLE('',#1907,0.00229166666666665);
#1293=CIRCLE('',#1909,0.00359533333333332);
#1294=CIRCLE('',#1911,0.00283333333333332);
#1295=CIRCLE('',#1913,0.004137);
#1296=CIRCLE('',#1915,0.003375);
#1297=CIRCLE('',#1917,0.00467866666666665);
#1298=CIRCLE('',#1919,0.00391666666666664);
#1299=CIRCLE('',#1921,0.00522033333333333);
#1300=CIRCLE('',#1923,0.00445833333333333);
#1301=CIRCLE('',#1926,0.00508);
#1302=CIRCLE('',#1929,0.00508);
#1303=CIRCLE('',#1931,0.00508);
#1304=CIRCLE('',#1932,0.00508);
#1305=CIRCLE('',#1934,0.00508);
#1306=CIRCLE('',#1936,0.00508);
#1307=CIRCLE('',#1938,0.00508);
#1308=CIRCLE('',#1940,0.00508);
#1309=CIRCLE('',#1942,0.00508);
#1310=CIRCLE('',#1944,0.00508);
#1311=CIRCLE('',#1946,0.00508);
#1312=CIRCLE('',#1948,0.00508);
#1313=CIRCLE('',#1949,0.00508);
#1314=CIRCLE('',#1951,0.00508);
#1315=CIRCLE('',#1953,0.00508);
#1316=CIRCLE('',#1955,0.00508);
#1317=CIRCLE('',#1957,0.00508);
#1318=CIRCLE('',#1959,0.00508);
#1319=CIRCLE('',#1961,0.00508);
#1320=CIRCLE('',#1963,0.00508);
#1321=CIRCLE('',#1965,0.00508);
#1322=CIRCLE('',#1967,0.00508);
#1323=CIRCLE('',#1969,0.00508);
#1324=CIRCLE('',#1973,0.00508);
#1325=CIRCLE('',#1976,0.00508);
#1326=CIRCLE('',#1978,0.00508);
#1327=CIRCLE('',#1980,0.00508);
#1328=CIRCLE('',#1983,0.00508);
#1329=CIRCLE('',#1985,0.00508);
#1330=CIRCLE('',#1987,0.00508);
#1331=CIRCLE('',#1989,0.00508);
#1332=CIRCLE('',#1993,0.00508);
#1333=CIRCLE('',#1995,0.00508);
#1334=CIRCLE('',#1997,0.00508);
#1335=CIRCLE('',#2004,0.001575);
#1336=CIRCLE('',#2005,0.001575);
#1337=CIRCLE('',#2008,0.001575);
#1338=CIRCLE('',#2009,0.001575);
#1339=CIRCLE('',#2015,0.011);
#1340=CIRCLE('',#2016,0.015);
#1341=CIRCLE('',#2017,0.01881);
#1342=CIRCLE('',#2021,0.01881);
#1343=CIRCLE('',#2024,0.011);
#1344=CIRCLE('',#2027,0.015);
#1345=CIRCLE('',#2032,0.001575);
#1346=CIRCLE('',#2033,0.001575);
#1347=CIRCLE('',#2036,0.001575);
#1348=CIRCLE('',#2039,0.001575);
#1349=CIRCLE('',#2043,0.011);
#1350=CIRCLE('',#2044,0.01881);
#1351=CIRCLE('',#2045,0.015);
#1352=CIRCLE('',#2050,0.01881);
#1353=CIRCLE('',#2052,0.011);
#1354=CIRCLE('',#2054,0.015);
#1355=EDGE_LOOP('',(#388));
#1356=EDGE_LOOP('',(#389));
#1357=EDGE_LOOP('',(#390));
#1358=EDGE_LOOP('',(#391));
#1359=EDGE_LOOP('',(#392,#393,#394,#395,#396,#397,#398));
#1360=EDGE_LOOP('',(#399,#400,#401,#402,#403,#404,#405,#406,#407,#408));
#1361=EDGE_LOOP('',(#409,#410,#411,#412,#413,#414,#415,#416,#417));
#1362=EDGE_LOOP('',(#418,#419,#420,#421,#422,#423,#424,#425,#426,#427,#428,
#429));
#1363=EDGE_LOOP('',(#430));
#1364=EDGE_LOOP('',(#431,#432,#433,#434));
#1365=EDGE_LOOP('',(#435,#436,#437,#438,#439,#440));
#1366=EDGE_LOOP('',(#441));
#1367=EDGE_LOOP('',(#442,#443,#444,#445));
#1368=EDGE_LOOP('',(#446,#447,#448,#449));
#1369=EDGE_LOOP('',(#450,#451,#452,#453,#454,#455,#456,#457));
#1370=EDGE_LOOP('',(#458));
#1371=EDGE_LOOP('',(#459,#460,#461,#462));
#1372=EDGE_LOOP('',(#463,#464,#465,#466,#467,#468,#469,#470,#471,#472));
#1373=EDGE_LOOP('',(#473,#474,#475,#476));
#1374=EDGE_LOOP('',(#477));
#1375=EDGE_LOOP('',(#478,#479,#480,#481,#482,#483,#484));
#1376=EDGE_LOOP('',(#485,#486,#487,#488,#489,#490));
#1377=EDGE_LOOP('',(#491,#492,#493,#494));
#1378=EDGE_LOOP('',(#495,#496,#497,#498));
#1379=EDGE_LOOP('',(#499,#500,#501,#502));
#1380=EDGE_LOOP('',(#503,#504,#505,#506));
#1381=EDGE_LOOP('',(#507));
#1382=EDGE_LOOP('',(#508));
#1383=EDGE_LOOP('',(#509,#510,#511,#512));
#1384=EDGE_LOOP('',(#513,#514,#515,#516));
#1385=EDGE_LOOP('',(#517,#518,#519,#520));
#1386=EDGE_LOOP('',(#521,#522,#523,#524));
#1387=EDGE_LOOP('',(#525,#526,#527,#528));
#1388=EDGE_LOOP('',(#529));
#1389=EDGE_LOOP('',(#530));
#1390=EDGE_LOOP('',(#531));
#1391=EDGE_LOOP('',(#532));
#1392=EDGE_LOOP('',(#533));
#1393=EDGE_LOOP('',(#534));
#1394=EDGE_LOOP('',(#535));
#1395=EDGE_LOOP('',(#536));
#1396=EDGE_LOOP('',(#537));
#1397=EDGE_LOOP('',(#538));
#1398=EDGE_LOOP('',(#539));
#1399=EDGE_LOOP('',(#540));
#1400=EDGE_LOOP('',(#541));
#1401=EDGE_LOOP('',(#542));
#1402=EDGE_LOOP('',(#543));
#1403=EDGE_LOOP('',(#544));
#1404=EDGE_LOOP('',(#545));
#1405=EDGE_LOOP('',(#546));
#1406=EDGE_LOOP('',(#547));
#1407=EDGE_LOOP('',(#548));
#1408=EDGE_LOOP('',(#549));
#1409=EDGE_LOOP('',(#550));
#1410=EDGE_LOOP('',(#551));
#1411=EDGE_LOOP('',(#552));
#1412=EDGE_LOOP('',(#553));
#1413=EDGE_LOOP('',(#554));
#1414=EDGE_LOOP('',(#555));
#1415=EDGE_LOOP('',(#556));
#1416=EDGE_LOOP('',(#557));
#1417=EDGE_LOOP('',(#558));
#1418=EDGE_LOOP('',(#559));
#1419=EDGE_LOOP('',(#560));
#1420=EDGE_LOOP('',(#561));
#1421=EDGE_LOOP('',(#562));
#1422=EDGE_LOOP('',(#563,#564,#565,#566));
#1423=EDGE_LOOP('',(#567,#568,#569,#570));
#1424=EDGE_LOOP('',(#571,#572,#573));
#1425=EDGE_LOOP('',(#574,#575,#576));
#1426=EDGE_LOOP('',(#577,#578,#579,#580));
#1427=EDGE_LOOP('',(#581,#582,#583,#584));
#1428=EDGE_LOOP('',(#585,#586,#587,#588));
#1429=EDGE_LOOP('',(#589,#590,#591,#592));
#1430=EDGE_LOOP('',(#593,#594,#595,#596));
#1431=EDGE_LOOP('',(#597,#598,#599,#600));
#1432=EDGE_LOOP('',(#601,#602,#603));
#1433=EDGE_LOOP('',(#604,#605,#606));
#1434=EDGE_LOOP('',(#607,#608,#609,#610));
#1435=EDGE_LOOP('',(#611,#612,#613,#614));
#1436=EDGE_LOOP('',(#615,#616,#617,#618));
#1437=EDGE_LOOP('',(#619,#620,#621,#622));
#1438=EDGE_LOOP('',(#623,#624,#625,#626));
#1439=EDGE_LOOP('',(#627,#628,#629,#630));
#1440=EDGE_LOOP('',(#631,#632,#633,#634));
#1441=EDGE_LOOP('',(#635,#636,#637,#638));
#1442=EDGE_LOOP('',(#639,#640,#641));
#1443=EDGE_LOOP('',(#642,#643,#644,#645));
#1444=EDGE_LOOP('',(#646,#647,#648,#649));
#1445=EDGE_LOOP('',(#650,#651,#652,#653));
#1446=EDGE_LOOP('',(#654,#655,#656,#657));
#1447=EDGE_LOOP('',(#658,#659,#660,#661));
#1448=EDGE_LOOP('',(#662,#663,#664,#665,#666,#667));
#1449=EDGE_LOOP('',(#668,#669,#670,#671));
#1450=EDGE_LOOP('',(#672,#673,#674));
#1451=EDGE_LOOP('',(#675,#676,#677));
#1452=EDGE_LOOP('',(#678,#679,#680,#681));
#1453=EDGE_LOOP('',(#682,#683,#684,#685));
#1454=EDGE_LOOP('',(#686,#687,#688,#689));
#1455=EDGE_LOOP('',(#690,#691,#692,#693,#694,#695));
#1456=EDGE_LOOP('',(#696,#697,#698,#699));
#1457=EDGE_LOOP('',(#700));
#1458=EDGE_LOOP('',(#701));
#1459=EDGE_LOOP('',(#702));
#1460=EDGE_LOOP('',(#703));
#1461=EDGE_LOOP('',(#704,#705,#706,#707));
#1462=EDGE_LOOP('',(#708));
#1463=EDGE_LOOP('',(#709));
#1464=EDGE_LOOP('',(#710,#711,#712,#713));
#1465=EDGE_LOOP('',(#714));
#1466=EDGE_LOOP('',(#715));
#1467=EDGE_LOOP('',(#716));
#1468=EDGE_LOOP('',(#717,#718,#719,#720));
#1469=EDGE_LOOP('',(#721));
#1470=EDGE_LOOP('',(#722,#723,#724,#725));
#1471=EDGE_LOOP('',(#726,#727,#728,#729));
#1472=EDGE_LOOP('',(#730,#731,#732,#733));
#1473=EDGE_LOOP('',(#734,#735,#736,#737,#738,#739,#740,#741,#742));
#1474=EDGE_LOOP('',(#743,#744,#745,#746));
#1475=EDGE_LOOP('',(#747,#748,#749,#750));
#1476=EDGE_LOOP('',(#751,#752,#753,#754,#755,#756));
#1477=EDGE_LOOP('',(#757));
#1478=EDGE_LOOP('',(#758,#759,#760,#761,#762,#763));
#1479=EDGE_LOOP('',(#764,#765,#766,#767));
#1480=EDGE_LOOP('',(#768));
#1481=EDGE_LOOP('',(#769,#770,#771,#772,#773,#774));
#1482=EDGE_LOOP('',(#775,#776,#777,#778));
#1483=EDGE_LOOP('',(#779,#780,#781,#782,#783,#784,#785));
#1484=EDGE_LOOP('',(#786,#787,#788,#789));
#1485=EDGE_LOOP('',(#790));
#1486=EDGE_LOOP('',(#791));
#1487=EDGE_LOOP('',(#792));
#1488=EDGE_LOOP('',(#793,#794,#795,#796));
#1489=EDGE_LOOP('',(#797));
#1490=EDGE_LOOP('',(#798,#799,#800,#801));
#1491=EDGE_LOOP('',(#802,#803,#804,#805));
#1492=EDGE_LOOP('',(#806));
#1493=EDGE_LOOP('',(#807));
#1494=EDGE_LOOP('',(#808,#809,#810,#811));
#1495=EDGE_LOOP('',(#812,#813,#814,#815));
#1496=EDGE_LOOP('',(#816,#817,#818,#819,#820,#821,#822,#823,#824));
#1497=EDGE_LOOP('',(#825,#826,#827,#828));
#1498=EDGE_LOOP('',(#829,#830,#831,#832));
#1499=EDGE_LOOP('',(#833));
#1500=EDGE_LOOP('',(#834,#835,#836,#837,#838,#839));
#1501=EDGE_LOOP('',(#840,#841,#842,#843,#844,#845));
#1502=EDGE_LOOP('',(#846,#847,#848,#849));
#1503=EDGE_LOOP('',(#850,#851,#852,#853));
#1504=EDGE_LOOP('',(#854));
#1505=EDGE_LOOP('',(#855,#856,#857,#858,#859,#860));
#1506=EDGE_LOOP('',(#861,#862,#863,#864,#865,#866,#867));
#1507=FACE_BOUND('',#1355,.T.);
#1508=FACE_BOUND('',#1356,.T.);
#1509=FACE_BOUND('',#1357,.T.);
#1510=FACE_BOUND('',#1358,.T.);
#1511=FACE_BOUND('',#1359,.T.);
#1512=FACE_BOUND('',#1360,.T.);
#1513=FACE_BOUND('',#1361,.T.);
#1514=FACE_BOUND('',#1362,.T.);
#1515=FACE_BOUND('',#1363,.T.);
#1516=FACE_BOUND('',#1364,.T.);
#1517=FACE_BOUND('',#1365,.T.);
#1518=FACE_BOUND('',#1366,.T.);
#1519=FACE_BOUND('',#1367,.T.);
#1520=FACE_BOUND('',#1368,.T.);
#1521=FACE_BOUND('',#1369,.T.);
#1522=FACE_BOUND('',#1370,.T.);
#1523=FACE_BOUND('',#1371,.T.);
#1524=FACE_BOUND('',#1372,.T.);
#1525=FACE_BOUND('',#1373,.T.);
#1526=FACE_BOUND('',#1374,.T.);
#1527=FACE_BOUND('',#1375,.T.);
#1528=FACE_BOUND('',#1376,.T.);
#1529=FACE_BOUND('',#1377,.T.);
#1530=FACE_BOUND('',#1378,.T.);
#1531=FACE_BOUND('',#1379,.T.);
#1532=FACE_BOUND('',#1380,.T.);
#1533=FACE_BOUND('',#1381,.T.);
#1534=FACE_BOUND('',#1382,.T.);
#1535=FACE_BOUND('',#1383,.T.);
#1536=FACE_BOUND('',#1384,.T.);
#1537=FACE_BOUND('',#1385,.T.);
#1538=FACE_BOUND('',#1386,.T.);
#1539=FACE_BOUND('',#1387,.T.);
#1540=FACE_BOUND('',#1388,.T.);
#1541=FACE_BOUND('',#1389,.T.);
#1542=FACE_BOUND('',#1390,.T.);
#1543=FACE_BOUND('',#1391,.T.);
#1544=FACE_BOUND('',#1392,.T.);
#1545=FACE_BOUND('',#1393,.T.);
#1546=FACE_BOUND('',#1394,.T.);
#1547=FACE_BOUND('',#1395,.T.);
#1548=FACE_BOUND('',#1396,.T.);
#1549=FACE_BOUND('',#1397,.T.);
#1550=FACE_BOUND('',#1398,.T.);
#1551=FACE_BOUND('',#1399,.T.);
#1552=FACE_BOUND('',#1400,.T.);
#1553=FACE_BOUND('',#1401,.T.);
#1554=FACE_BOUND('',#1402,.T.);
#1555=FACE_BOUND('',#1403,.T.);
#1556=FACE_BOUND('',#1404,.T.);
#1557=FACE_BOUND('',#1405,.T.);
#1558=FACE_BOUND('',#1406,.T.);
#1559=FACE_BOUND('',#1407,.T.);
#1560=FACE_BOUND('',#1408,.T.);
#1561=FACE_BOUND('',#1409,.T.);
#1562=FACE_BOUND('',#1410,.T.);
#1563=FACE_BOUND('',#1411,.T.);
#1564=FACE_BOUND('',#1412,.T.);
#1565=FACE_BOUND('',#1413,.T.);
#1566=FACE_BOUND('',#1414,.T.);
#1567=FACE_BOUND('',#1415,.T.);
#1568=FACE_BOUND('',#1416,.T.);
#1569=FACE_BOUND('',#1417,.T.);
#1570=FACE_BOUND('',#1418,.T.);
#1571=FACE_BOUND('',#1419,.T.);
#1572=FACE_BOUND('',#1420,.T.);
#1573=FACE_BOUND('',#1421,.T.);
#1574=FACE_BOUND('',#1422,.T.);
#1575=FACE_BOUND('',#1423,.T.);
#1576=FACE_BOUND('',#1424,.T.);
#1577=FACE_BOUND('',#1425,.T.);
#1578=FACE_BOUND('',#1426,.T.);
#1579=FACE_BOUND('',#1427,.T.);
#1580=FACE_BOUND('',#1428,.T.);
#1581=FACE_BOUND('',#1429,.T.);
#1582=FACE_BOUND('',#1430,.T.);
#1583=FACE_BOUND('',#1431,.T.);
#1584=FACE_BOUND('',#1432,.T.);
#1585=FACE_BOUND('',#1433,.T.);
#1586=FACE_BOUND('',#1434,.T.);
#1587=FACE_BOUND('',#1435,.T.);
#1588=FACE_BOUND('',#1436,.T.);
#1589=FACE_BOUND('',#1437,.T.);
#1590=FACE_BOUND('',#1438,.T.);
#1591=FACE_BOUND('',#1439,.T.);
#1592=FACE_BOUND('',#1440,.T.);
#1593=FACE_BOUND('',#1441,.T.);
#1594=FACE_BOUND('',#1442,.T.);
#1595=FACE_BOUND('',#1443,.T.);
#1596=FACE_BOUND('',#1444,.T.);
#1597=FACE_BOUND('',#1445,.T.);
#1598=FACE_BOUND('',#1446,.T.);
#1599=FACE_BOUND('',#1447,.T.);
#1600=FACE_BOUND('',#1448,.T.);
#1601=FACE_BOUND('',#1449,.T.);
#1602=FACE_BOUND('',#1450,.T.);
#1603=FACE_BOUND('',#1451,.T.);
#1604=FACE_BOUND('',#1452,.T.);
#1605=FACE_BOUND('',#1453,.T.);
#1606=FACE_BOUND('',#1454,.T.);
#1607=FACE_BOUND('',#1455,.T.);
#1608=FACE_BOUND('',#1456,.T.);
#1609=FACE_BOUND('',#1457,.T.);
#1610=FACE_BOUND('',#1458,.T.);
#1611=FACE_BOUND('',#1459,.T.);
#1612=FACE_BOUND('',#1460,.T.);
#1613=FACE_BOUND('',#1461,.T.);
#1614=FACE_BOUND('',#1462,.T.);
#1615=FACE_BOUND('',#1463,.T.);
#1616=FACE_BOUND('',#1464,.T.);
#1617=FACE_BOUND('',#1465,.T.);
#1618=FACE_BOUND('',#1466,.T.);
#1619=FACE_BOUND('',#1467,.T.);
#1620=FACE_BOUND('',#1468,.T.);
#1621=FACE_BOUND('',#1469,.T.);
#1622=FACE_BOUND('',#1470,.T.);
#1623=FACE_BOUND('',#1471,.T.);
#1624=FACE_BOUND('',#1472,.T.);
#1625=FACE_BOUND('',#1473,.T.);
#1626=FACE_BOUND('',#1474,.T.);
#1627=FACE_BOUND('',#1475,.T.);
#1628=FACE_BOUND('',#1476,.T.);
#1629=FACE_BOUND('',#1477,.T.);
#1630=FACE_BOUND('',#1478,.T.);
#1631=FACE_BOUND('',#1479,.T.);
#1632=FACE_BOUND('',#1480,.T.);
#1633=FACE_BOUND('',#1481,.T.);
#1634=FACE_BOUND('',#1482,.T.);
#1635=FACE_BOUND('',#1483,.T.);
#1636=FACE_BOUND('',#1484,.T.);
#1637=FACE_BOUND('',#1485,.T.);
#1638=FACE_BOUND('',#1486,.T.);
#1639=FACE_BOUND('',#1487,.T.);
#1640=FACE_BOUND('',#1488,.T.);
#1641=FACE_BOUND('',#1489,.T.);
#1642=FACE_BOUND('',#1490,.T.);
#1643=FACE_BOUND('',#1491,.T.);
#1644=FACE_BOUND('',#1492,.T.);
#1645=FACE_BOUND('',#1493,.T.);
#1646=FACE_BOUND('',#1494,.T.);
#1647=FACE_BOUND('',#1495,.T.);
#1648=FACE_BOUND('',#1496,.T.);
#1649=FACE_BOUND('',#1497,.T.);
#1650=FACE_BOUND('',#1498,.T.);
#1651=FACE_BOUND('',#1499,.T.);
#1652=FACE_BOUND('',#1500,.T.);
#1653=FACE_BOUND('',#1501,.T.);
#1654=FACE_BOUND('',#1502,.T.);
#1655=FACE_BOUND('',#1503,.T.);
#1656=FACE_BOUND('',#1504,.T.);
#1657=FACE_BOUND('',#1505,.T.);
#1658=FACE_BOUND('',#1506,.T.);
#1659=CYLINDRICAL_SURFACE('',#1847,0.0140984998135693);
#1660=CYLINDRICAL_SURFACE('',#1884,0.018034);
#1661=CYLINDRICAL_SURFACE('',#1888,0.00508);
#1662=CYLINDRICAL_SURFACE('',#1895,0.0032);
#1663=CYLINDRICAL_SURFACE('',#1896,0.0015);
#1664=CYLINDRICAL_SURFACE('',#1901,0.0015);
#1665=CYLINDRICAL_SURFACE('',#1925,0.00508);
#1666=CYLINDRICAL_SURFACE('',#1927,0.00508);
#1667=CYLINDRICAL_SURFACE('',#1935,0.00508);
#1668=CYLINDRICAL_SURFACE('',#1937,0.00508);
#1669=CYLINDRICAL_SURFACE('',#1939,0.00508);
#1670=CYLINDRICAL_SURFACE('',#1941,0.00508);
#1671=CYLINDRICAL_SURFACE('',#1943,0.00508);
#1672=CYLINDRICAL_SURFACE('',#1952,0.00508);
#1673=CYLINDRICAL_SURFACE('',#1954,0.00508);
#1674=CYLINDRICAL_SURFACE('',#1956,0.00508);
#1675=CYLINDRICAL_SURFACE('',#1958,0.00508);
#1676=CYLINDRICAL_SURFACE('',#1960,0.00508);
#1677=CYLINDRICAL_SURFACE('',#1962,0.00508);
#1678=CYLINDRICAL_SURFACE('',#1970,0.00508);
#1679=CYLINDRICAL_SURFACE('',#1972,0.00508);
#1680=CYLINDRICAL_SURFACE('',#1975,0.00508);
#1681=CYLINDRICAL_SURFACE('',#1977,0.00508);
#1682=CYLINDRICAL_SURFACE('',#1979,0.00508);
#1683=CYLINDRICAL_SURFACE('',#1981,0.00508);
#1684=CYLINDRICAL_SURFACE('',#1990,0.00508);
#1685=CYLINDRICAL_SURFACE('',#1992,0.00508);
#1686=CYLINDRICAL_SURFACE('',#1994,0.00508);
#1687=CYLINDRICAL_SURFACE('',#1996,0.00508);
#1688=CYLINDRICAL_SURFACE('',#2003,0.001575);
#1689=CYLINDRICAL_SURFACE('',#2007,0.001575);
#1690=CYLINDRICAL_SURFACE('',#2020,0.01881);
#1691=CYLINDRICAL_SURFACE('',#2023,0.011);
#1692=CYLINDRICAL_SURFACE('',#2026,0.015);
#1693=CYLINDRICAL_SURFACE('',#2031,0.001575);
#1694=CYLINDRICAL_SURFACE('',#2038,0.001575);
#1695=CYLINDRICAL_SURFACE('',#2049,0.01881);
#1696=CYLINDRICAL_SURFACE('',#2051,0.011);
#1697=CYLINDRICAL_SURFACE('',#2053,0.015);
#1698=ADVANCED_FACE('',(#1507,#1508),#1659,.T.);
#1699=ADVANCED_FACE('',(#1509,#1510),#334,.T.);
#1700=ADVANCED_FACE('',(#1511),#335,.T.);
#1701=ADVANCED_FACE('',(#1512),#336,.F.);
#1702=ADVANCED_FACE('',(#1513),#337,.T.);
#1703=ADVANCED_FACE('',(#1514),#338,.T.);
#1704=ADVANCED_FACE('',(#1515,#1516),#339,.T.);
#1705=ADVANCED_FACE('',(#1517),#340,.T.);
#1706=ADVANCED_FACE('',(#1518,#1519),#341,.T.);
#1707=ADVANCED_FACE('',(#1520),#342,.F.);
#1708=ADVANCED_FACE('',(#1521,#1522),#343,.F.);
#1709=ADVANCED_FACE('',(#1523),#344,.T.);
#1710=ADVANCED_FACE('',(#1524),#345,.F.);
#1711=ADVANCED_FACE('',(#1525),#346,.F.);
#1712=ADVANCED_FACE('',(#1526,#1527),#347,.T.);
#1713=ADVANCED_FACE('',(#1528),#348,.T.);
#1714=ADVANCED_FACE('',(#1529),#349,.T.);
#1715=ADVANCED_FACE('',(#1530),#350,.F.);
#1716=ADVANCED_FACE('',(#1531),#351,.F.);
#1717=ADVANCED_FACE('',(#1532),#352,.T.);
#1718=ADVANCED_FACE('',(#1533,#1534),#1660,.F.);
#1719=ADVANCED_FACE('',(#1535),#353,.T.);
#1720=ADVANCED_FACE('',(#1536),#354,.F.);
#1721=ADVANCED_FACE('',(#1537),#355,.F.);
#1722=ADVANCED_FACE('',(#1538),#1661,.T.);
#1723=ADVANCED_FACE('',(#1539),#356,.T.);
#1724=ADVANCED_FACE('',(#1540,#1541),#357,.T.);
#1725=ADVANCED_FACE('',(#1542,#1543),#1662,.F.);
#1726=ADVANCED_FACE('',(#1544,#1545),#1663,.F.);
#1727=ADVANCED_FACE('',(#1546,#1547),#35,.F.);
#1728=ADVANCED_FACE('',(#1548,#1549),#1664,.F.);
#1729=ADVANCED_FACE('',(#1550,#1551),#358,.F.);
#1730=ADVANCED_FACE('',(#1552,#1553),#28,.T.);
#1731=ADVANCED_FACE('',(#1554,#1555),#359,.T.);
#1732=ADVANCED_FACE('',(#1556,#1557),#29,.T.);
#1733=ADVANCED_FACE('',(#1558,#1559),#360,.T.);
#1734=ADVANCED_FACE('',(#1560,#1561),#30,.T.);
#1735=ADVANCED_FACE('',(#1562,#1563),#361,.T.);
#1736=ADVANCED_FACE('',(#1564,#1565),#31,.T.);
#1737=ADVANCED_FACE('',(#1566,#1567),#362,.T.);
#1738=ADVANCED_FACE('',(#1568,#1569),#32,.T.);
#1739=ADVANCED_FACE('',(#1570,#1571),#363,.T.);
#1740=ADVANCED_FACE('',(#1572,#1573),#33,.T.);
#1741=ADVANCED_FACE('',(#1574),#1665,.T.);
#1742=ADVANCED_FACE('',(#1575),#1666,.T.);
#1743=ADVANCED_FACE('',(#1576),#16,.T.);
#1744=ADVANCED_FACE('',(#1577),#17,.T.);
#1745=ADVANCED_FACE('',(#1578),#1667,.T.);
#1746=ADVANCED_FACE('',(#1579),#1668,.F.);
#1747=ADVANCED_FACE('',(#1580),#1669,.T.);
#1748=ADVANCED_FACE('',(#1581),#1670,.T.);
#1749=ADVANCED_FACE('',(#1582),#1671,.T.);
#1750=ADVANCED_FACE('',(#1583),#36,.T.);
#1751=ADVANCED_FACE('',(#1584),#18,.T.);
#1752=ADVANCED_FACE('',(#1585),#19,.T.);
#1753=ADVANCED_FACE('',(#1586),#1672,.T.);
#1754=ADVANCED_FACE('',(#1587),#1673,.F.);
#1755=ADVANCED_FACE('',(#1588),#1674,.F.);
#1756=ADVANCED_FACE('',(#1589),#1675,.T.);
#1757=ADVANCED_FACE('',(#1590),#1676,.T.);
#1758=ADVANCED_FACE('',(#1591),#1677,.T.);
#1759=ADVANCED_FACE('',(#1592),#37,.T.);
#1760=ADVANCED_FACE('',(#1593),#38,.T.);
#1761=ADVANCED_FACE('',(#1594),#20,.T.);
#1762=ADVANCED_FACE('',(#1595),#1678,.T.);
#1763=ADVANCED_FACE('',(#1596),#1679,.T.);
#1764=ADVANCED_FACE('',(#1597),#1680,.T.);
#1765=ADVANCED_FACE('',(#1598),#1681,.T.);
#1766=ADVANCED_FACE('',(#1599),#1682,.T.);
#1767=ADVANCED_FACE('',(#1600),#1683,.T.);
#1768=ADVANCED_FACE('',(#1601),#39,.T.);
#1769=ADVANCED_FACE('',(#1602),#21,.T.);
#1770=ADVANCED_FACE('',(#1603),#22,.T.);
#1771=ADVANCED_FACE('',(#1604),#1684,.T.);
#1772=ADVANCED_FACE('',(#1605),#1685,.F.);
#1773=ADVANCED_FACE('',(#1606),#1686,.T.);
#1774=ADVANCED_FACE('',(#1607),#1687,.T.);
#1775=ADVANCED_FACE('',(#1608),#40,.T.);
#1776=ADVANCED_FACE('',(#1609,#1610),#41,.F.);
#1777=ADVANCED_FACE('',(#1611,#1612),#34,.T.);
#1778=ADVANCED_FACE('',(#1613),#364,.T.);
#1779=ADVANCED_FACE('',(#1614,#1615),#1688,.F.);
#1780=ADVANCED_FACE('',(#1616),#365,.F.);
#1781=ADVANCED_FACE('',(#1617,#1618),#1689,.F.);
#1782=ADVANCED_FACE('',(#1619,#1620),#366,.F.);
#1783=ADVANCED_FACE('',(#1621,#1622),#367,.F.);
#1784=ADVANCED_FACE('',(#1623),#368,.F.);
#1785=ADVANCED_FACE('',(#1624),#369,.F.);
#1786=ADVANCED_FACE('',(#1625),#370,.T.);
#1787=ADVANCED_FACE('',(#1626),#371,.T.);
#1788=ADVANCED_FACE('',(#1627),#372,.T.);
#1789=ADVANCED_FACE('',(#1628),#1690,.T.);
#1790=ADVANCED_FACE('',(#1629,#1630),#373,.T.);
#1791=ADVANCED_FACE('',(#1631),#1691,.F.);
#1792=ADVANCED_FACE('',(#1632,#1633),#374,.T.);
#1793=ADVANCED_FACE('',(#1634),#1692,.F.);
#1794=ADVANCED_FACE('',(#1635),#375,.F.);
#1795=ADVANCED_FACE('',(#1636),#376,.T.);
#1796=ADVANCED_FACE('',(#1637,#1638),#1693,.F.);
#1797=ADVANCED_FACE('',(#1639,#1640),#377,.T.);
#1798=ADVANCED_FACE('',(#1641,#1642),#378,.T.);
#1799=ADVANCED_FACE('',(#1643),#379,.F.);
#1800=ADVANCED_FACE('',(#1644,#1645),#1694,.F.);
#1801=ADVANCED_FACE('',(#1646),#380,.F.);
#1802=ADVANCED_FACE('',(#1647),#381,.F.);
#1803=ADVANCED_FACE('',(#1648),#382,.T.);
#1804=ADVANCED_FACE('',(#1649),#383,.T.);
#1805=ADVANCED_FACE('',(#1650),#384,.T.);
#1806=ADVANCED_FACE('',(#1651,#1652),#385,.F.);
#1807=ADVANCED_FACE('',(#1653),#1695,.T.);
#1808=ADVANCED_FACE('',(#1654),#1696,.F.);
#1809=ADVANCED_FACE('',(#1655),#1697,.F.);
#1810=ADVANCED_FACE('',(#1656,#1657),#386,.F.);
#1811=ADVANCED_FACE('',(#1658),#387,.F.);
#1812=CLOSED_SHELL('',(#1698,#1699,#1700,#1701,#1702,#1703,#1704,#1705,
#1706,#1707,#1708,#1709,#1710,#1711,#1712,#1713,#1714,#1715,#1716,#1717,
#1718,#1719,#1720,#1721,#1722,#1723,#1724,#1725,#1726,#1727,#1728,#1729,
#1730,#1731,#1732,#1733,#1734,#1735,#1736,#1737,#1738,#1739,#1740,#1741,
#1742,#1743,#1744,#1745,#1746,#1747,#1748,#1749,#1750,#1751,#1752,#1753,
#1754,#1755,#1756,#1757,#1758,#1759,#1760,#1761,#1762,#1763,#1764,#1765,
#1766,#1767,#1768,#1769,#1770,#1771,#1772,#1773,#1774,#1775,#1776,#1777));
#1813=CLOSED_SHELL('',(#1778,#1779,#1780,#1781,#1782,#1783,#1784,#1785,
#1786,#1787,#1788,#1789,#1790,#1791,#1792,#1793,#1794));
#1814=CLOSED_SHELL('',(#1795,#1796,#1797,#1798,#1799,#1800,#1801,#1802,
#1803,#1804,#1805,#1806,#1807,#1808,#1809,#1810,#1811));
#1815=STYLED_ITEM('',(#1818),#1837);
#1816=STYLED_ITEM('',(#1819),#1838);
#1817=STYLED_ITEM('',(#1820),#1839);
#1818=PRESENTATION_STYLE_ASSIGNMENT((#1821));
#1819=PRESENTATION_STYLE_ASSIGNMENT((#1822));
#1820=PRESENTATION_STYLE_ASSIGNMENT((#1823));
#1821=SURFACE_STYLE_USAGE(.BOTH.,#1824);
#1822=SURFACE_STYLE_USAGE(.BOTH.,#1825);
#1823=SURFACE_STYLE_USAGE(.BOTH.,#1826);
#1824=SURFACE_SIDE_STYLE('',(#1827));
#1825=SURFACE_SIDE_STYLE('',(#1828));
#1826=SURFACE_SIDE_STYLE('',(#1829));
#1827=SURFACE_STYLE_FILL_AREA(#1830);
#1828=SURFACE_STYLE_FILL_AREA(#1831);
#1829=SURFACE_STYLE_FILL_AREA(#1832);
#1830=FILL_AREA_STYLE('',(#1833));
#1831=FILL_AREA_STYLE('',(#1834));
#1832=FILL_AREA_STYLE('',(#1835));
#1833=FILL_AREA_STYLE_COLOUR('',#1836);
#1834=FILL_AREA_STYLE_COLOUR('',#1836);
#1835=FILL_AREA_STYLE_COLOUR('',#1836);
#1836=COLOUR_RGB('',0.615686274509804,0.811764705882353,0.929411764705882);
#1837=MANIFOLD_SOLID_BREP('Part 1',#1812);
#1838=MANIFOLD_SOLID_BREP('Part 2',#1813);
#1839=MANIFOLD_SOLID_BREP('Part 3',#1814);
#1840=SHAPE_DEFINITION_REPRESENTATION(#3158,#1843);
#1841=SHAPE_DEFINITION_REPRESENTATION(#3159,#1844);
#1842=SHAPE_DEFINITION_REPRESENTATION(#3160,#1845);
#1843=SHAPE_REPRESENTATION('Part 1',(#1846),#3143);
#1844=SHAPE_REPRESENTATION('Part 2',(#2001),#3144);
#1845=SHAPE_REPRESENTATION('Part 3',(#2029),#3145);
#1846=AXIS2_PLACEMENT_3D('',#2625,#2057,#2058);
#1847=AXIS2_PLACEMENT_3D('',#2626,#2059,#2060);
#1848=AXIS2_PLACEMENT_3D('',#2627,#2061,#2062);
#1849=AXIS2_PLACEMENT_3D('',#2629,#2063,#2064);
#1850=AXIS2_PLACEMENT_3D('',#2631,#2065,#2066);
#1851=AXIS2_PLACEMENT_3D('',#2632,#2067,#2068);
#1852=AXIS2_PLACEMENT_3D('',#2634,#2069,#2070);
#1853=AXIS2_PLACEMENT_3D('',#2636,#2071,#2072);
#1854=AXIS2_PLACEMENT_3D('',#2637,#2073,#2074);
#1855=AXIS2_PLACEMENT_3D('',#2651,#2081,#2082);
#1856=AXIS2_PLACEMENT_3D('',#2667,#2090,#2091);
#1857=AXIS2_PLACEMENT_3D('',#2671,#2093,#2094);
#1858=AXIS2_PLACEMENT_3D('',#2672,#2095,#2096);
#1859=AXIS2_PLACEMENT_3D('',#2676,#2098,#2099);
#1860=AXIS2_PLACEMENT_3D('',#2691,#2107,#2108);
#1861=AXIS2_PLACEMENT_3D('',#2710,#2119,#2120);
#1862=AXIS2_PLACEMENT_3D('',#2711,#2121,#2122);
#1863=AXIS2_PLACEMENT_3D('',#2721,#2127,#2128);
#1864=AXIS2_PLACEMENT_3D('',#2731,#2134,#2135);
#1865=AXIS2_PLACEMENT_3D('',#2732,#2136,#2137);
#1866=AXIS2_PLACEMENT_3D('',#2742,#2142,#2143);
#1867=AXIS2_PLACEMENT_3D('',#2751,#2148,#2149);
#1868=AXIS2_PLACEMENT_3D('',#2757,#2152,#2153);
#1869=AXIS2_PLACEMENT_3D('',#2763,#2156,#2157);
#1870=AXIS2_PLACEMENT_3D('',#2768,#2160,#2161);
#1871=AXIS2_PLACEMENT_3D('',#2770,#2162,#2163);
#1872=AXIS2_PLACEMENT_3D('',#2774,#2166,#2167);
#1873=AXIS2_PLACEMENT_3D('',#2778,#2169,#2170);
#1874=AXIS2_PLACEMENT_3D('',#2786,#2175,#2176);
#1875=AXIS2_PLACEMENT_3D('',#2787,#2177,#2178);
#1876=AXIS2_PLACEMENT_3D('',#2789,#2180,#2181);
#1877=AXIS2_PLACEMENT_3D('',#2790,#2182,#2183);
#1878=AXIS2_PLACEMENT_3D('',#2792,#2184,#2185);
#1879=AXIS2_PLACEMENT_3D('',#2795,#2187,#2188);
#1880=AXIS2_PLACEMENT_3D('',#2803,#2193,#2194);
#1881=AXIS2_PLACEMENT_3D('',#2807,#2197,#2198);
#1882=AXIS2_PLACEMENT_3D('',#2811,#2201,#2202);
#1883=AXIS2_PLACEMENT_3D('',#2813,#2204,#2205);
#1884=AXIS2_PLACEMENT_3D('',#2814,#2206,#2207);
#1885=AXIS2_PLACEMENT_3D('',#2815,#2208,#2209);
#1886=AXIS2_PLACEMENT_3D('',#2819,#2212,#2213);
#1887=AXIS2_PLACEMENT_3D('',#2825,#2217,#2218);
#1888=AXIS2_PLACEMENT_3D('',#2829,#2221,#2222);
#1889=AXIS2_PLACEMENT_3D('',#2830,#2223,#2224);
#1890=AXIS2_PLACEMENT_3D('',#2831,#2225,#2226);
#1891=AXIS2_PLACEMENT_3D('',#2832,#2227,#2228);
#1892=AXIS2_PLACEMENT_3D('',#2841,#2233,#2234);
#1893=AXIS2_PLACEMENT_3D('',#2842,#2235,#2236);
#1894=AXIS2_PLACEMENT_3D('',#2844,#2237,#2238);
#1895=AXIS2_PLACEMENT_3D('',#2846,#2239,#2240);
#1896=AXIS2_PLACEMENT_3D('',#2847,#2241,#2242);
#1897=AXIS2_PLACEMENT_3D('',#2848,#2243,#2244);
#1898=AXIS2_PLACEMENT_3D('',#2850,#2245,#2246);
#1899=AXIS2_PLACEMENT_3D('',#2852,#2247,#2248);
#1900=AXIS2_PLACEMENT_3D('',#2853,#2249,#2250);
#1901=AXIS2_PLACEMENT_3D('',#2855,#2251,#2252);
#1902=AXIS2_PLACEMENT_3D('',#2856,#2253,#2254);
#1903=AXIS2_PLACEMENT_3D('',#2857,#2255,#2256);
#1904=AXIS2_PLACEMENT_3D('',#2859,#2257,#2258);
#1905=AXIS2_PLACEMENT_3D('',#2860,#2259,#2260);
#1906=AXIS2_PLACEMENT_3D('',#2862,#2261,#2262);
#1907=AXIS2_PLACEMENT_3D('',#2863,#2263,#2264);
#1908=AXIS2_PLACEMENT_3D('',#2865,#2265,#2266);
#1909=AXIS2_PLACEMENT_3D('',#2866,#2267,#2268);
#1910=AXIS2_PLACEMENT_3D('',#2868,#2269,#2270);
#1911=AXIS2_PLACEMENT_3D('',#2869,#2271,#2272);
#1912=AXIS2_PLACEMENT_3D('',#2871,#2273,#2274);
#1913=AXIS2_PLACEMENT_3D('',#2872,#2275,#2276);
#1914=AXIS2_PLACEMENT_3D('',#2874,#2277,#2278);
#1915=AXIS2_PLACEMENT_3D('',#2875,#2279,#2280);
#1916=AXIS2_PLACEMENT_3D('',#2877,#2281,#2282);
#1917=AXIS2_PLACEMENT_3D('',#2878,#2283,#2284);
#1918=AXIS2_PLACEMENT_3D('',#2880,#2285,#2286);
#1919=AXIS2_PLACEMENT_3D('',#2881,#2287,#2288);
#1920=AXIS2_PLACEMENT_3D('',#2883,#2289,#2290);
#1921=AXIS2_PLACEMENT_3D('',#2884,#2291,#2292);
#1922=AXIS2_PLACEMENT_3D('',#2886,#2293,#2294);
#1923=AXIS2_PLACEMENT_3D('',#2887,#2295,#2296);
#1924=AXIS2_PLACEMENT_3D('',#2889,#2297,#2298);
#1925=AXIS2_PLACEMENT_3D('',#2890,#2299,#2300);
#1926=AXIS2_PLACEMENT_3D('',#2891,#2301,#2302);
#1927=AXIS2_PLACEMENT_3D('',#2892,#2303,#2304);
#1928=AXIS2_PLACEMENT_3D('',#2893,#2305,#2306);
#1929=AXIS2_PLACEMENT_3D('',#2894,#2307,#2308);
#1930=AXIS2_PLACEMENT_3D('',#2895,#2309,#2310);
#1931=AXIS2_PLACEMENT_3D('',#2896,#2311,#2312);
#1932=AXIS2_PLACEMENT_3D('',#2897,#2313,#2314);
#1933=AXIS2_PLACEMENT_3D('',#2898,#2315,#2316);
#1934=AXIS2_PLACEMENT_3D('',#2899,#2317,#2318);
#1935=AXIS2_PLACEMENT_3D('',#2900,#2319,#2320);
#1936=AXIS2_PLACEMENT_3D('',#2901,#2321,#2322);
#1937=AXIS2_PLACEMENT_3D('',#2902,#2323,#2324);
#1938=AXIS2_PLACEMENT_3D('',#2903,#2325,#2326);
#1939=AXIS2_PLACEMENT_3D('',#2904,#2327,#2328);
#1940=AXIS2_PLACEMENT_3D('',#2905,#2329,#2330);
#1941=AXIS2_PLACEMENT_3D('',#2906,#2331,#2332);
#1942=AXIS2_PLACEMENT_3D('',#2907,#2333,#2334);
#1943=AXIS2_PLACEMENT_3D('',#2908,#2335,#2336);
#1944=AXIS2_PLACEMENT_3D('',#2909,#2337,#2338);
#1945=AXIS2_PLACEMENT_3D('',#2910,#2339,#2340);
#1946=AXIS2_PLACEMENT_3D('',#2911,#2341,#2342);
#1947=AXIS2_PLACEMENT_3D('',#2912,#2343,#2344);
#1948=AXIS2_PLACEMENT_3D('',#2913,#2345,#2346);
#1949=AXIS2_PLACEMENT_3D('',#2914,#2347,#2348);
#1950=AXIS2_PLACEMENT_3D('',#2915,#2349,#2350);
#1951=AXIS2_PLACEMENT_3D('',#2916,#2351,#2352);
#1952=AXIS2_PLACEMENT_3D('',#2917,#2353,#2354);
#1953=AXIS2_PLACEMENT_3D('',#2918,#2355,#2356);
#1954=AXIS2_PLACEMENT_3D('',#2919,#2357,#2358);
#1955=AXIS2_PLACEMENT_3D('',#2920,#2359,#2360);
#1956=AXIS2_PLACEMENT_3D('',#2921,#2361,#2362);
#1957=AXIS2_PLACEMENT_3D('',#2922,#2363,#2364);
#1958=AXIS2_PLACEMENT_3D('',#2923,#2365,#2366);
#1959=AXIS2_PLACEMENT_3D('',#2924,#2367,#2368);
#1960=AXIS2_PLACEMENT_3D('',#2925,#2369,#2370);
#1961=AXIS2_PLACEMENT_3D('',#2926,#2371,#2372);
#1962=AXIS2_PLACEMENT_3D('',#2927,#2373,#2374);
#1963=AXIS2_PLACEMENT_3D('',#2928,#2375,#2376);
#1964=AXIS2_PLACEMENT_3D('',#2929,#2377,#2378);
#1965=AXIS2_PLACEMENT_3D('',#2930,#2379,#2380);
#1966=AXIS2_PLACEMENT_3D('',#2931,#2381,#2382);
#1967=AXIS2_PLACEMENT_3D('',#2932,#2383,#2384);
#1968=AXIS2_PLACEMENT_3D('',#2933,#2385,#2386);
#1969=AXIS2_PLACEMENT_3D('',#2934,#2387,#2388);
#1970=AXIS2_PLACEMENT_3D('',#2935,#2389,#2390);
#1971=AXIS2_PLACEMENT_3D('',#2936,#2391,#2392);
#1972=AXIS2_PLACEMENT_3D('',#2937,#2393,#2394);
#1973=AXIS2_PLACEMENT_3D('',#2938,#2395,#2396);
#1974=AXIS2_PLACEMENT_3D('',#2939,#2397,#2398);
#1975=AXIS2_PLACEMENT_3D('',#2940,#2399,#2400);
#1976=AXIS2_PLACEMENT_3D('',#2941,#2401,#2402);
#1977=AXIS2_PLACEMENT_3D('',#2942,#2403,#2404);
#1978=AXIS2_PLACEMENT_3D('',#2943,#2405,#2406);
#1979=AXIS2_PLACEMENT_3D('',#2944,#2407,#2408);
#1980=AXIS2_PLACEMENT_3D('',#2945,#2409,#2410);
#1981=AXIS2_PLACEMENT_3D('',#2946,#2411,#2412);
#1982=AXIS2_PLACEMENT_3D('',#2947,#2413,#2414);
#1983=AXIS2_PLACEMENT_3D('',#2948,#2415,#2416);
#1984=AXIS2_PLACEMENT_3D('',#2949,#2417,#2418);
#1985=AXIS2_PLACEMENT_3D('',#2950,#2419,#2420);
#1986=AXIS2_PLACEMENT_3D('',#2951,#2421,#2422);
#1987=AXIS2_PLACEMENT_3D('',#2952,#2423,#2424);
#1988=AXIS2_PLACEMENT_3D('',#2953,#2425,#2426);
#1989=AXIS2_PLACEMENT_3D('',#2954,#2427,#2428);
#1990=AXIS2_PLACEMENT_3D('',#2955,#2429,#2430);
#1991=AXIS2_PLACEMENT_3D('',#2956,#2431,#2432);
#1992=AXIS2_PLACEMENT_3D('',#2957,#2433,#2434);
#1993=AXIS2_PLACEMENT_3D('',#2958,#2435,#2436);
#1994=AXIS2_PLACEMENT_3D('',#2959,#2437,#2438);
#1995=AXIS2_PLACEMENT_3D('',#2960,#2439,#2440);
#1996=AXIS2_PLACEMENT_3D('',#2961,#2441,#2442);
#1997=AXIS2_PLACEMENT_3D('',#2962,#2443,#2444);
#1998=AXIS2_PLACEMENT_3D('',#2963,#2445,#2446);
#1999=AXIS2_PLACEMENT_3D('',#2964,#2447,#2448);
#2000=AXIS2_PLACEMENT_3D('',#2965,#2449,#2450);
#2001=AXIS2_PLACEMENT_3D('',#2966,#2451,#2452);
#2002=AXIS2_PLACEMENT_3D('',#2967,#2453,#2454);
#2003=AXIS2_PLACEMENT_3D('',#2976,#2459,#2460);
#2004=AXIS2_PLACEMENT_3D('',#2977,#2461,#2462);
#2005=AXIS2_PLACEMENT_3D('',#2979,#2463,#2464);
#2006=AXIS2_PLACEMENT_3D('',#2981,#2465,#2466);
#2007=AXIS2_PLACEMENT_3D('',#2990,#2471,#2472);
#2008=AXIS2_PLACEMENT_3D('',#2991,#2473,#2474);
#2009=AXIS2_PLACEMENT_3D('',#2993,#2475,#2476);
#2010=AXIS2_PLACEMENT_3D('',#2995,#2477,#2478);
#2011=AXIS2_PLACEMENT_3D('',#3001,#2482,#2483);
#2012=AXIS2_PLACEMENT_3D('',#3007,#2487,#2488);
#2013=AXIS2_PLACEMENT_3D('',#3011,#2491,#2492);
#2014=AXIS2_PLACEMENT_3D('',#3015,#2495,#2496);
#2015=AXIS2_PLACEMENT_3D('',#3016,#2497,#2498);
#2016=AXIS2_PLACEMENT_3D('',#3019,#2499,#2500);
#2017=AXIS2_PLACEMENT_3D('',#3022,#2502,#2503);
#2018=AXIS2_PLACEMENT_3D('',#3024,#2505,#2506);
#2019=AXIS2_PLACEMENT_3D('',#3030,#2510,#2511);
#2020=AXIS2_PLACEMENT_3D('',#3036,#2515,#2516);
#2021=AXIS2_PLACEMENT_3D('',#3037,#2517,#2518);
#2022=AXIS2_PLACEMENT_3D('',#3038,#2519,#2520);
#2023=AXIS2_PLACEMENT_3D('',#3042,#2523,#2524);
#2024=AXIS2_PLACEMENT_3D('',#3043,#2525,#2526);
#2025=AXIS2_PLACEMENT_3D('',#3048,#2529,#2530);
#2026=AXIS2_PLACEMENT_3D('',#3050,#2532,#2533);
#2027=AXIS2_PLACEMENT_3D('',#3051,#2534,#2535);
#2028=AXIS2_PLACEMENT_3D('',#3052,#2536,#2537);
#2029=AXIS2_PLACEMENT_3D('',#3053,#2538,#2539);
#2030=AXIS2_PLACEMENT_3D('',#3054,#2540,#2541);
#2031=AXIS2_PLACEMENT_3D('',#3063,#2546,#2547);
#2032=AXIS2_PLACEMENT_3D('',#3064,#2548,#2549);
#2033=AXIS2_PLACEMENT_3D('',#3066,#2550,#2551);
#2034=AXIS2_PLACEMENT_3D('',#3068,#2552,#2553);
#2035=AXIS2_PLACEMENT_3D('',#3074,#2557,#2558);
#2036=AXIS2_PLACEMENT_3D('',#3075,#2559,#2560);
#2037=AXIS2_PLACEMENT_3D('',#3085,#2565,#2566);
#2038=AXIS2_PLACEMENT_3D('',#3091,#2570,#2571);
#2039=AXIS2_PLACEMENT_3D('',#3092,#2572,#2573);
#2040=AXIS2_PLACEMENT_3D('',#3094,#2574,#2575);
#2041=AXIS2_PLACEMENT_3D('',#3098,#2578,#2579);
#2042=AXIS2_PLACEMENT_3D('',#3102,#2582,#2583);
#2043=AXIS2_PLACEMENT_3D('',#3103,#2584,#2585);
#2044=AXIS2_PLACEMENT_3D('',#3107,#2587,#2588);
#2045=AXIS2_PLACEMENT_3D('',#3110,#2590,#2591);
#2046=AXIS2_PLACEMENT_3D('',#3111,#2592,#2593);
#2047=AXIS2_PLACEMENT_3D('',#3117,#2597,#2598);
#2048=AXIS2_PLACEMENT_3D('',#3123,#2602,#2603);
#2049=AXIS2_PLACEMENT_3D('',#3127,#2606,#2607);
#2050=AXIS2_PLACEMENT_3D('',#3128,#2608,#2609);
#2051=AXIS2_PLACEMENT_3D('',#3129,#2610,#2611);
#2052=AXIS2_PLACEMENT_3D('',#3130,#2612,#2613);
#2053=AXIS2_PLACEMENT_3D('',#3135,#2616,#2617);
#2054=AXIS2_PLACEMENT_3D('',#3136,#2618,#2619);
#2055=AXIS2_PLACEMENT_3D('',#3137,#2620,#2621);
#2056=AXIS2_PLACEMENT_3D('',#3139,#2623,#2624);
#2057=DIRECTION('',(0.,0.,1.));
#2058=DIRECTION('',(1.,0.,0.));
#2059=DIRECTION('',(0.,1.,0.));
#2060=DIRECTION('',(0.,0.,1.));
#2061=DIRECTION('',(0.,-1.,0.));
#2062=DIRECTION('',(0.,0.,-1.));
#2063=DIRECTION('',(0.,1.,0.));
#2064=DIRECTION('',(0.,0.,1.));
#2065=DIRECTION('',(0.,-1.,0.));
#2066=DIRECTION('',(1.,0.,0.));
#2067=DIRECTION('',(0.,1.,0.));
#2068=DIRECTION('',(0.,0.,1.));
#2069=DIRECTION('',(0.,-1.,0.));
#2070=DIRECTION('',(0.,0.,-1.));
#2071=DIRECTION('',(0.,0.,1.));
#2072=DIRECTION('',(1.,0.,0.));
#2073=DIRECTION('',(0.,0.,1.));
#2074=DIRECTION('',(1.,0.,0.));
#2075=DIRECTION('',(0.,-1.,0.));
#2076=DIRECTION('',(-1.,0.,0.));
#2077=DIRECTION('',(2.99380602045399E-16,-1.,0.));
#2078=DIRECTION('',(-1.,-1.17752068692425E-16,0.));
#2079=DIRECTION('',(0.,1.,0.));
#2080=DIRECTION('',(-1.,0.,0.));
#2081=DIRECTION('',(0.,-1.,0.));
#2082=DIRECTION('',(0.,0.,-1.));
#2083=DIRECTION('',(0.,0.,-1.));
#2084=DIRECTION('',(-1.,0.,0.));
#2085=DIRECTION('',(0.,0.,-1.));
#2086=DIRECTION('',(-1.,0.,0.));
#2087=DIRECTION('',(0.,0.,-1.));
#2088=DIRECTION('',(-1.,0.,0.));
#2089=DIRECTION('',(0.,0.,-1.));
#2090=DIRECTION('',(0.,-1.,0.));
#2091=DIRECTION('',(0.,0.,-1.));
#2092=DIRECTION('',(-1.,0.,2.37551999449067E-16));
#2093=DIRECTION('',(0.,-1.,0.));
#2094=DIRECTION('',(0.,0.,-1.));
#2095=DIRECTION('',(-1.17752068692425E-16,1.,0.));
#2096=DIRECTION('',(-1.,-1.17752068692425E-16,0.));
#2097=DIRECTION('',(0.,0.,1.));
#2098=DIRECTION('',(-1.17752068692425E-16,1.,0.));
#2099=DIRECTION('',(-1.,-1.17752068692425E-16,0.));
#2100=DIRECTION('',(-1.,-1.17752068692425E-16,0.));
#2101=DIRECTION('',(0.,0.,1.));
#2102=DIRECTION('',(-1.,-1.17752068692425E-16,0.));
#2103=DIRECTION('',(0.,0.,1.));
#2104=DIRECTION('',(-1.,-1.17752068692425E-16,0.));
#2105=DIRECTION('',(0.,0.,1.));
#2106=DIRECTION('',(-1.,-1.17752068692425E-16,0.));
#2107=DIRECTION('',(0.,0.,1.));
#2108=DIRECTION('',(1.,0.,0.));
#2109=DIRECTION('',(0.,-1.,0.));
#2110=DIRECTION('',(1.,0.,0.));
#2111=DIRECTION('',(0.,-1.,0.));
#2112=DIRECTION('',(-1.,0.,0.));
#2113=DIRECTION('',(0.,1.,0.));
#2114=DIRECTION('',(-1.,-1.17752068692425E-16,0.));
#2115=DIRECTION('',(2.99380602045399E-16,-1.,0.));
#2116=DIRECTION('',(0.,-1.,0.));
#2117=DIRECTION('',(1.,0.,0.));
#2118=DIRECTION('',(0.,-1.,0.));
#2119=DIRECTION('',(0.,-1.,0.));
#2120=DIRECTION('',(0.,0.,-1.));
#2121=DIRECTION('',(0.,-1.,0.));
#2122=DIRECTION('',(0.,0.,-1.));
#2123=DIRECTION('',(0.,0.,1.));
#2124=DIRECTION('',(-1.,0.,0.));
#2125=DIRECTION('',(0.,0.,1.));
#2126=DIRECTION('',(1.,0.,0.));
#2127=DIRECTION('',(0.,-1.,0.));
#2128=DIRECTION('',(0.,0.,-1.));
#2129=DIRECTION('',(0.,0.,-1.));
#2130=DIRECTION('',(-1.,0.,0.));
#2131=DIRECTION('',(0.,0.,1.));
#2132=DIRECTION('',(1.,0.,0.));
#2133=DIRECTION('',(0.,0.,1.));
#2134=DIRECTION('',(1.,0.,0.));
#2135=DIRECTION('',(0.,0.,-1.));
#2136=DIRECTION('',(-1.,0.,0.));
#2137=DIRECTION('',(0.,0.,1.));
#2138=DIRECTION('',(0.,0.,-1.));
#2139=DIRECTION('',(0.,-1.,0.));
#2140=DIRECTION('',(0.,0.,1.));
#2141=DIRECTION('',(0.,-1.,0.));
#2142=DIRECTION('',(1.,0.,0.));
#2143=DIRECTION('',(0.,0.,-1.));
#2144=DIRECTION('',(0.,-1.,0.));
#2145=DIRECTION('',(0.,0.,-1.));
#2146=DIRECTION('',(0.,-1.,0.));
#2147=DIRECTION('',(0.,0.,-1.));
#2148=DIRECTION('',(0.,0.,1.));
#2149=DIRECTION('',(1.,0.,0.));
#2150=DIRECTION('',(-1.,0.,0.));
#2151=DIRECTION('',(0.,1.,0.));
#2152=DIRECTION('',(0.,0.,1.));
#2153=DIRECTION('',(1.,0.,0.));
#2154=DIRECTION('',(-1.,0.,0.));
#2155=DIRECTION('',(0.,-1.,0.));
#2156=DIRECTION('',(0.,0.,1.));
#2157=DIRECTION('',(1.,0.,0.));
#2158=DIRECTION('',(-1.,0.,0.));
#2159=DIRECTION('',(0.,-1.,0.));
#2160=DIRECTION('',(0.,0.,-1.));
#2161=DIRECTION('',(-1.,0.,0.));
#2162=DIRECTION('',(-1.,-2.99380602045399E-16,0.));
#2163=DIRECTION('',(2.99380602045399E-16,-1.,0.));
#2164=DIRECTION('',(0.,0.,1.));
#2165=DIRECTION('',(2.99380602045399E-16,-1.,0.));
#2166=DIRECTION('',(-1.17752068692425E-16,1.,0.));
#2167=DIRECTION('',(-1.,-1.17752068692425E-16,0.));
#2168=DIRECTION('',(1.,1.17752068692425E-16,-2.37551999449067E-16));
#2169=DIRECTION('',(-1.17752068692425E-16,1.,0.));
#2170=DIRECTION('',(-1.,-1.17752068692425E-16,0.));
#2171=DIRECTION('',(0.,0.,1.));
#2172=DIRECTION('',(0.,0.,1.));
#2173=DIRECTION('',(-1.,-1.17752068692425E-16,0.));
#2174=DIRECTION('',(0.,0.,1.));
#2175=DIRECTION('',(-1.17752068692425E-16,1.,0.));
#2176=DIRECTION('',(-1.,-1.17752068692425E-16,0.));
#2177=DIRECTION('',(-1.,-2.99380602045399E-16,0.));
#2178=DIRECTION('',(2.99380602045399E-16,-1.,0.));
#2179=DIRECTION('',(2.99380602045399E-16,-1.,0.));
#2180=DIRECTION('',(0.,0.,1.));
#2181=DIRECTION('',(1.,0.,0.));
#2182=DIRECTION('',(0.,0.,1.));
#2183=DIRECTION('',(1.,0.,0.));
#2184=DIRECTION('',(0.,0.,1.));
#2185=DIRECTION('',(1.,0.,0.));
#2186=DIRECTION('',(0.,1.,0.));
#2187=DIRECTION('',(-1.,0.,0.));
#2188=DIRECTION('',(0.,0.,1.));
#2189=DIRECTION('',(0.,0.,1.));
#2190=DIRECTION('',(0.,-1.,0.));
#2191=DIRECTION('',(0.,0.,1.));
#2192=DIRECTION('',(0.,1.,0.));
#2193=DIRECTION('',(-1.,0.,0.));
#2194=DIRECTION('',(0.,0.,1.));
#2195=DIRECTION('',(0.,-1.,0.));
#2196=DIRECTION('',(0.,0.,1.));
#2197=DIRECTION('',(-1.,0.,0.));
#2198=DIRECTION('',(0.,0.,1.));
#2199=DIRECTION('',(0.,0.,1.));
#2200=DIRECTION('',(0.,-1.,0.));
#2201=DIRECTION('',(0.,-1.,0.));
#2202=DIRECTION('',(0.,0.,-1.));
#2203=DIRECTION('',(1.,0.,0.));
#2204=DIRECTION('',(0.,0.,1.));
#2205=DIRECTION('',(1.,0.,0.));
#2206=DIRECTION('',(0.,0.,-1.));
#2207=DIRECTION('',(-1.,0.,0.));
#2208=DIRECTION('',(1.,0.,0.));
#2209=DIRECTION('',(0.,0.,-1.));
#2210=DIRECTION('',(0.,1.,0.));
#2211=DIRECTION('',(0.,0.,-1.));
#2212=DIRECTION('',(-2.37551999449067E-16,0.,-1.));
#2213=DIRECTION('',(-1.,0.,2.37551999449067E-16));
#2214=DIRECTION('',(-1.,0.,2.37551999449067E-16));
#2215=DIRECTION('',(0.,1.,0.));
#2216=DIRECTION('',(0.,1.,0.));
#2217=DIRECTION('',(1.,0.,0.));
#2218=DIRECTION('',(0.,0.,-1.));
#2219=DIRECTION('',(0.,0.,-1.));
#2220=DIRECTION('',(0.,1.,0.));
#2221=DIRECTION('',(0.,0.,1.));
#2222=DIRECTION('',(1.,0.,0.));
#2223=DIRECTION('',(0.,0.,1.));
#2224=DIRECTION('',(1.,0.,0.));
#2225=DIRECTION('',(0.,0.,1.));
#2226=DIRECTION('',(1.,0.,0.));
#2227=DIRECTION('',(0.,-1.,0.));
#2228=DIRECTION('',(0.,0.,-1.));
#2229=DIRECTION('',(1.,0.,0.));
#2230=DIRECTION('',(0.,0.,-1.));
#2231=DIRECTION('',(1.,0.,0.));
#2232=DIRECTION('',(0.,0.,-1.));
#2233=DIRECTION('',(0.,-1.,0.));
#2234=DIRECTION('',(0.,0.,-1.));
#2235=DIRECTION('',(0.,-1.,0.));
#2236=DIRECTION('',(0.,0.,-1.));
#2237=DIRECTION('',(0.,1.,0.));
#2238=DIRECTION('',(0.,0.,1.));
#2239=DIRECTION('',(0.,1.,0.));
#2240=DIRECTION('',(0.,0.,1.));
#2241=DIRECTION('',(1.,0.,0.));
#2242=DIRECTION('',(0.,0.,-1.));
#2243=DIRECTION('',(-1.,0.,0.));
#2244=DIRECTION('',(0.,0.,-1.));
#2245=DIRECTION('',(1.,0.,0.));
#2246=DIRECTION('',(0.,0.,-1.));
#2247=DIRECTION('',(0.,0.,-1.));
#2248=DIRECTION('',(-1.,0.,0.));
#2249=DIRECTION('',(0.,-1.,0.));
#2250=DIRECTION('',(0.,0.,-1.));
#2251=DIRECTION('',(0.,1.,0.));
#2252=DIRECTION('',(0.,0.,1.));
#2253=DIRECTION('',(-1.,0.,0.));
#2254=DIRECTION('',(0.,0.,1.));
#2255=DIRECTION('',(-1.,0.,0.));
#2256=DIRECTION('',(0.,0.,1.));
#2257=DIRECTION('',(-1.,0.,0.));
#2258=DIRECTION('',(0.,0.,1.));
#2259=DIRECTION('',(-1.,0.,0.));
#2260=DIRECTION('',(0.,0.,1.));
#2261=DIRECTION('',(-1.,0.,0.));
#2262=DIRECTION('',(0.,0.,1.));
#2263=DIRECTION('',(-1.,0.,0.));
#2264=DIRECTION('',(0.,0.,1.));
#2265=DIRECTION('',(-1.,0.,0.));
#2266=DIRECTION('',(0.,0.,1.));
#2267=DIRECTION('',(-1.,0.,0.));
#2268=DIRECTION('',(0.,0.,1.));
#2269=DIRECTION('',(-1.,0.,0.));
#2270=DIRECTION('',(0.,0.,1.));
#2271=DIRECTION('',(-1.,0.,0.));
#2272=DIRECTION('',(0.,0.,1.));
#2273=DIRECTION('',(-1.,0.,0.));
#2274=DIRECTION('',(0.,0.,1.));
#2275=DIRECTION('',(-1.,0.,0.));
#2276=DIRECTION('',(0.,0.,1.));
#2277=DIRECTION('',(-1.,0.,0.));
#2278=DIRECTION('',(0.,0.,1.));
#2279=DIRECTION('',(-1.,0.,0.));
#2280=DIRECTION('',(0.,0.,1.));
#2281=DIRECTION('',(-1.,0.,0.));
#2282=DIRECTION('',(0.,0.,1.));
#2283=DIRECTION('',(-1.,0.,0.));
#2284=DIRECTION('',(0.,0.,1.));
#2285=DIRECTION('',(-1.,0.,0.));
#2286=DIRECTION('',(0.,0.,1.));
#2287=DIRECTION('',(-1.,0.,0.));
#2288=DIRECTION('',(0.,0.,1.));
#2289=DIRECTION('',(-1.,0.,0.));
#2290=DIRECTION('',(0.,0.,1.));
#2291=DIRECTION('',(-1.,0.,0.));
#2292=DIRECTION('',(0.,0.,1.));
#2293=DIRECTION('',(-1.,0.,0.));
#2294=DIRECTION('',(0.,0.,1.));
#2295=DIRECTION('',(-1.,0.,0.));
#2296=DIRECTION('',(0.,0.,1.));
#2297=DIRECTION('',(-1.,0.,0.));
#2298=DIRECTION('',(0.,0.,1.));
#2299=DIRECTION('',(0.,-1.,0.));
#2300=DIRECTION('',(0.,0.,-1.));
#2301=DIRECTION('',(0.,-1.,0.));
#2302=DIRECTION('',(0.,0.,-1.));
#2303=DIRECTION('',(1.,0.,0.));
#2304=DIRECTION('',(0.,0.,-1.));
#2305=DIRECTION('',(0.707106781186548,0.,0.707106781186548));
#2306=DIRECTION('',(0.707106781186548,0.,-0.707106781186548));
#2307=DIRECTION('',(1.,0.,0.));
#2308=DIRECTION('',(0.,0.,-1.));
#2309=DIRECTION('',(-1.,0.,0.));
#2310=DIRECTION('',(0.,0.,1.));
#2311=DIRECTION('',(-1.,0.,0.));
#2312=DIRECTION('',(0.,0.,1.));
#2313=DIRECTION('',(0.,0.,1.));
#2314=DIRECTION('',(1.,0.,0.));
#2315=DIRECTION('',(0.,0.,1.));
#2316=DIRECTION('',(1.,0.,0.));
#2317=DIRECTION('',(0.,-1.,0.));
#2318=DIRECTION('',(0.,0.,-1.));
#2319=DIRECTION('',(0.,0.,-1.));
#2320=DIRECTION('',(-1.,0.,0.));
#2321=DIRECTION('',(0.,0.,-1.));
#2322=DIRECTION('',(-1.,0.,0.));
#2323=DIRECTION('',(0.,-1.,0.));
#2324=DIRECTION('',(0.,0.,-1.));
#2325=DIRECTION('',(0.,-1.,0.));
#2326=DIRECTION('',(0.,0.,-1.));
#2327=DIRECTION('',(0.,0.,1.));
#2328=DIRECTION('',(1.,0.,0.));
#2329=DIRECTION('',(0.,0.,-1.));
#2330=DIRECTION('',(-1.,0.,0.));
#2331=DIRECTION('',(1.,0.,0.));
#2332=DIRECTION('',(0.,0.,-1.));
#2333=DIRECTION('',(1.,0.,0.));
#2334=DIRECTION('',(0.,0.,-1.));
#2335=DIRECTION('',(0.,-1.,0.));
#2336=DIRECTION('',(0.,0.,-1.));
#2337=DIRECTION('',(0.,-1.,0.));
#2338=DIRECTION('',(0.,0.,-1.));
#2339=DIRECTION('',(0.,-1.,0.));
#2340=DIRECTION('',(0.,0.,-1.));
#2341=DIRECTION('',(1.,0.,-2.56110749406025E-16));
#2342=DIRECTION('',(-2.56110749406025E-16,0.,-1.));
#2343=DIRECTION('',(-1.,0.,0.));
#2344=DIRECTION('',(0.,0.,1.));
#2345=DIRECTION('',(-1.,0.,0.));
#2346=DIRECTION('',(0.,0.,1.));
#2347=DIRECTION('',(0.,-1.,0.));
#2348=DIRECTION('',(0.,0.,-1.));
#2349=DIRECTION('',(0.,0.,1.));
#2350=DIRECTION('',(1.,0.,0.));
#2351=DIRECTION('',(0.,0.,1.));
#2352=DIRECTION('',(1.,0.,0.));
#2353=DIRECTION('',(-1.,0.,2.37551999449067E-16));
#2354=DIRECTION('',(2.37551999449067E-16,0.,1.));
#2355=DIRECTION('',(-1.,0.,0.));
#2356=DIRECTION('',(0.,0.,1.));
#2357=DIRECTION('',(0.,1.,0.));
#2358=DIRECTION('',(0.,0.,1.));
#2359=DIRECTION('',(0.,-1.,0.));
#2360=DIRECTION('',(0.,0.,-1.));
#2361=DIRECTION('',(0.,0.,-1.));
#2362=DIRECTION('',(-1.,0.,0.));
#2363=DIRECTION('',(0.,0.,1.));
#2364=DIRECTION('',(1.,0.,0.));
#2365=DIRECTION('',(0.,-1.,0.));
#2366=DIRECTION('',(0.,0.,-1.));
#2367=DIRECTION('',(0.,1.,0.));
#2368=DIRECTION('',(0.,0.,1.));
#2369=DIRECTION('',(1.,0.,0.));
#2370=DIRECTION('',(0.,0.,-1.));
#2371=DIRECTION('',(1.,0.,0.));
#2372=DIRECTION('',(0.,0.,-1.));
#2373=DIRECTION('',(0.,0.,1.));
#2374=DIRECTION('',(1.,0.,0.));
#2375=DIRECTION('',(0.,0.,-1.));
#2376=DIRECTION('',(-1.,0.,0.));
#2377=DIRECTION('',(0.,-1.,0.));
#2378=DIRECTION('',(0.,0.,-1.));
#2379=DIRECTION('',(0.,0.,-1.));
#2380=DIRECTION('',(-1.,0.,0.));
#2381=DIRECTION('',(0.,0.,1.));
#2382=DIRECTION('',(1.,0.,0.));
#2383=DIRECTION('',(1.,0.,0.));
#2384=DIRECTION('',(0.,0.,-1.));
#2385=DIRECTION('',(0.,-1.,0.));
#2386=DIRECTION('',(0.,0.,-1.));
#2387=DIRECTION('',(0.,-1.,0.));
#2388=DIRECTION('',(0.,0.,-1.));
#2389=DIRECTION('',(0.,0.,1.));
#2390=DIRECTION('',(1.,0.,0.));
#2391=DIRECTION('',(-0.707106781186548,0.,0.707106781186548));
#2392=DIRECTION('',(0.707106781186548,0.,0.707106781186548));
#2393=DIRECTION('',(0.,1.,0.));
#2394=DIRECTION('',(0.,0.,1.));
#2395=DIRECTION('',(0.,1.,0.));
#2396=DIRECTION('',(0.,0.,1.));
#2397=DIRECTION('',(0.,0.707106781186548,0.707106781186548));
#2398=DIRECTION('',(0.,0.707106781186548,-0.707106781186548));
#2399=DIRECTION('',(0.,0.,1.));
#2400=DIRECTION('',(1.,0.,0.));
#2401=DIRECTION('',(0.,0.,-1.));
#2402=DIRECTION('',(-1.,0.,0.));
#2403=DIRECTION('',(1.,0.,0.));
#2404=DIRECTION('',(0.,0.,-1.));
#2405=DIRECTION('',(-1.,0.,0.));
#2406=DIRECTION('',(0.,0.,1.));
#2407=DIRECTION('',(0.,1.,0.));
#2408=DIRECTION('',(0.,0.,1.));
#2409=DIRECTION('',(0.,1.,0.));
#2410=DIRECTION('',(0.,0.,1.));
#2411=DIRECTION('',(1.,0.,0.));
#2412=DIRECTION('',(0.,0.,-1.));
#2413=DIRECTION('',(0.707106781186548,0.,0.707106781186548));
#2414=DIRECTION('',(-0.707106781186548,0.,0.707106781186548));
#2415=DIRECTION('',(1.,0.,0.));
#2416=DIRECTION('',(0.,0.,-1.));
#2417=DIRECTION('',(0.,0.,1.));
#2418=DIRECTION('',(1.,0.,0.));
#2419=DIRECTION('',(0.,0.,1.));
#2420=DIRECTION('',(1.,0.,0.));
#2421=DIRECTION('',(0.,-1.,0.));
#2422=DIRECTION('',(0.,0.,-1.));
#2423=DIRECTION('',(0.,-1.,0.));
#2424=DIRECTION('',(0.,0.,-1.));
#2425=DIRECTION('',(0.,0.,1.));
#2426=DIRECTION('',(1.,0.,0.));
#2427=DIRECTION('',(-1.,0.,0.));
#2428=DIRECTION('',(0.,0.,1.));
#2429=DIRECTION('',(0.,0.,1.));
#2430=DIRECTION('',(1.,0.,0.));
#2431=DIRECTION('',(-0.707106781186548,0.,0.707106781186548));
#2432=DIRECTION('',(-0.707106781186548,0.,-0.707106781186548));
#2433=DIRECTION('',(0.,0.,-1.));
#2434=DIRECTION('',(-1.,0.,0.));
#2435=DIRECTION('',(0.,0.,1.));
#2436=DIRECTION('',(1.,0.,0.));
#2437=DIRECTION('',(0.,-1.,0.));
#2438=DIRECTION('',(0.,0.,-1.));
#2439=DIRECTION('',(0.,1.,0.));
#2440=DIRECTION('',(0.,0.,1.));
#2441=DIRECTION('',(-1.,0.,0.));
#2442=DIRECTION('',(0.,0.,1.));
#2443=DIRECTION('',(1.,0.,0.));
#2444=DIRECTION('',(0.,0.,-1.));
#2445=DIRECTION('',(0.,0.,1.));
#2446=DIRECTION('',(1.,0.,0.));
#2447=DIRECTION('',(0.,-1.,0.));
#2448=DIRECTION('',(0.,0.,-1.));
#2449=DIRECTION('',(0.,1.,0.));
#2450=DIRECTION('',(0.,0.,1.));
#2451=DIRECTION('',(0.,0.,1.));
#2452=DIRECTION('',(1.,0.,0.));
#2453=DIRECTION('',(0.,0.,-1.));
#2454=DIRECTION('',(-1.,0.,0.));
#2455=DIRECTION('',(0.,1.,0.));
#2456=DIRECTION('',(1.,0.,0.));
#2457=DIRECTION('',(0.,1.,0.));
#2458=DIRECTION('',(-1.,0.,0.));
#2459=DIRECTION('',(1.,0.,0.));
#2460=DIRECTION('',(0.,0.,-1.));
#2461=DIRECTION('',(1.,0.,0.));
#2462=DIRECTION('',(0.,0.,-1.));
#2463=DIRECTION('',(1.,0.,0.));
#2464=DIRECTION('',(0.,0.,-1.));
#2465=DIRECTION('',(0.,0.,-1.));
#2466=DIRECTION('',(-1.,0.,0.));
#2467=DIRECTION('',(1.,0.,0.));
#2468=DIRECTION('',(0.,1.,0.));
#2469=DIRECTION('',(-1.,0.,0.));
#2470=DIRECTION('',(0.,1.,0.));
#2471=DIRECTION('',(1.,0.,0.));
#2472=DIRECTION('',(0.,0.,-1.));
#2473=DIRECTION('',(1.,0.,0.));
#2474=DIRECTION('',(0.,0.,-1.));
#2475=DIRECTION('',(1.,0.,0.));
#2476=DIRECTION('',(0.,0.,-1.));
#2477=DIRECTION('',(1.,0.,0.));
#2478=DIRECTION('',(0.,0.,-1.));
#2479=DIRECTION('',(0.,0.,1.));
#2480=DIRECTION('',(0.,1.,0.));
#2481=DIRECTION('',(0.,0.,-1.));
#2482=DIRECTION('',(1.,0.,0.));
#2483=DIRECTION('',(0.,0.,-1.));
#2484=DIRECTION('',(0.,0.,1.));
#2485=DIRECTION('',(0.,0.,-1.));
#2486=DIRECTION('',(0.,1.,0.));
#2487=DIRECTION('',(0.,-1.,0.));
#2488=DIRECTION('',(0.,0.,-1.));
#2489=DIRECTION('',(0.,0.,-1.));
#2490=DIRECTION('',(1.,0.,0.));
#2491=DIRECTION('',(0.,-1.,0.));
#2492=DIRECTION('',(0.,0.,-1.));
#2493=DIRECTION('',(0.,0.,-1.));
#2494=DIRECTION('',(1.,0.,0.));
#2495=DIRECTION('',(0.,-1.,0.));
#2496=DIRECTION('',(1.,0.,0.));
#2497=DIRECTION('',(0.,-1.,0.));
#2498=DIRECTION('',(0.,0.,-1.));
#2499=DIRECTION('',(0.,-1.,0.));
#2500=DIRECTION('',(0.,0.,-1.));
#2501=DIRECTION('',(0.,0.,-1.));
#2502=DIRECTION('',(0.,-1.,0.));
#2503=DIRECTION('',(0.,0.,-1.));
#2504=DIRECTION('',(0.,0.,-1.));
#2505=DIRECTION('',(0.,0.,1.));
#2506=DIRECTION('',(1.,0.,0.));
#2507=DIRECTION('',(1.,0.,0.));
#2508=DIRECTION('',(0.,1.,0.));
#2509=DIRECTION('',(0.,-1.,0.));
#2510=DIRECTION('',(0.,0.,-1.));
#2511=DIRECTION('',(-1.,0.,0.));
#2512=DIRECTION('',(0.,-1.,0.));
#2513=DIRECTION('',(1.,0.,0.));
#2514=DIRECTION('',(0.,1.,0.));
#2515=DIRECTION('',(0.,1.,0.));
#2516=DIRECTION('',(0.,0.,1.));
#2517=DIRECTION('',(0.,-1.,0.));
#2518=DIRECTION('',(0.,0.,-1.));
#2519=DIRECTION('',(1.,0.,0.));
#2520=DIRECTION('',(0.,0.,-1.));
#2521=DIRECTION('',(0.,1.,0.));
#2522=DIRECTION('',(0.,0.,-1.));
#2523=DIRECTION('',(0.,1.,0.));
#2524=DIRECTION('',(0.,0.,1.));
#2525=DIRECTION('',(0.,-1.,0.));
#2526=DIRECTION('',(0.,0.,-1.));
#2527=DIRECTION('',(0.,1.,0.));
#2528=DIRECTION('',(0.,1.,0.));
#2529=DIRECTION('',(1.,0.,0.));
#2530=DIRECTION('',(0.,0.,-1.));
#2531=DIRECTION('',(0.,0.,-1.));
#2532=DIRECTION('',(0.,1.,0.));
#2533=DIRECTION('',(0.,0.,1.));
#2534=DIRECTION('',(0.,-1.,0.));
#2535=DIRECTION('',(0.,0.,-1.));
#2536=DIRECTION('',(0.,-1.,0.));
#2537=DIRECTION('',(0.,0.,-1.));
#2538=DIRECTION('',(0.,0.,1.));
#2539=DIRECTION('',(1.,0.,0.));
#2540=DIRECTION('',(0.,0.,-1.));
#2541=DIRECTION('',(-1.,0.,0.));
#2542=DIRECTION('',(0.,1.,0.));
#2543=DIRECTION('',(1.,0.,0.));
#2544=DIRECTION('',(0.,1.,0.));
#2545=DIRECTION('',(-1.,0.,0.));
#2546=DIRECTION('',(1.,0.,0.));
#2547=DIRECTION('',(0.,0.,-1.));
#2548=DIRECTION('',(1.,0.,0.));
#2549=DIRECTION('',(0.,0.,-1.));
#2550=DIRECTION('',(1.,0.,0.));
#2551=DIRECTION('',(0.,0.,-1.));
#2552=DIRECTION('',(1.,0.,0.));
#2553=DIRECTION('',(0.,0.,-1.));
#2554=DIRECTION('',(0.,0.,-1.));
#2555=DIRECTION('',(0.,1.,0.));
#2556=DIRECTION('',(0.,0.,-1.));
#2557=DIRECTION('',(1.,0.,0.));
#2558=DIRECTION('',(0.,0.,-1.));
#2559=DIRECTION('',(1.,0.,0.));
#2560=DIRECTION('',(0.,0.,-1.));
#2561=DIRECTION('',(0.,0.,-1.));
#2562=DIRECTION('',(0.,1.,0.));
#2563=DIRECTION('',(0.,0.,-1.));
#2564=DIRECTION('',(0.,1.,0.));
#2565=DIRECTION('',(0.,0.,-1.));
#2566=DIRECTION('',(-1.,0.,0.));
#2567=DIRECTION('',(1.,0.,0.));
#2568=DIRECTION('',(0.,1.,0.));
#2569=DIRECTION('',(-1.,0.,0.));
#2570=DIRECTION('',(1.,0.,0.));
#2571=DIRECTION('',(0.,0.,-1.));
#2572=DIRECTION('',(1.,0.,0.));
#2573=DIRECTION('',(0.,0.,-1.));
#2574=DIRECTION('',(0.,-1.,0.));
#2575=DIRECTION('',(0.,0.,-1.));
#2576=DIRECTION('',(1.,0.,0.));
#2577=DIRECTION('',(0.,0.,-1.));
#2578=DIRECTION('',(0.,-1.,0.));
#2579=DIRECTION('',(0.,0.,-1.));
#2580=DIRECTION('',(1.,0.,0.));
#2581=DIRECTION('',(0.,0.,-1.));
#2582=DIRECTION('',(0.,-1.,0.));
#2583=DIRECTION('',(1.,0.,0.));
#2584=DIRECTION('',(0.,-1.,0.));
#2585=DIRECTION('',(0.,0.,-1.));
#2586=DIRECTION('',(0.,0.,-1.));
#2587=DIRECTION('',(0.,-1.,0.));
#2588=DIRECTION('',(0.,0.,-1.));
#2589=DIRECTION('',(0.,0.,-1.));
#2590=DIRECTION('',(0.,-1.,0.));
#2591=DIRECTION('',(0.,0.,-1.));
#2592=DIRECTION('',(0.,0.,-1.));
#2593=DIRECTION('',(-1.,0.,0.));
#2594=DIRECTION('',(0.,1.,0.));
#2595=DIRECTION('',(1.,0.,0.));
#2596=DIRECTION('',(0.,1.,0.));
#2597=DIRECTION('',(0.,0.,1.));
#2598=DIRECTION('',(1.,0.,0.));
#2599=DIRECTION('',(0.,-1.,0.));
#2600=DIRECTION('',(0.,-1.,0.));
#2601=DIRECTION('',(1.,0.,0.));
#2602=DIRECTION('',(1.,0.,0.));
#2603=DIRECTION('',(0.,0.,-1.));
#2604=DIRECTION('',(0.,0.,-1.));
#2605=DIRECTION('',(0.,1.,0.));
#2606=DIRECTION('',(0.,1.,0.));
#2607=DIRECTION('',(0.,0.,1.));
#2608=DIRECTION('',(0.,-1.,0.));
#2609=DIRECTION('',(0.,0.,-1.));
#2610=DIRECTION('',(0.,1.,0.));
#2611=DIRECTION('',(0.,0.,1.));
#2612=DIRECTION('',(0.,-1.,0.));
#2613=DIRECTION('',(0.,0.,-1.));
#2614=DIRECTION('',(0.,1.,0.));
#2615=DIRECTION('',(0.,1.,0.));
#2616=DIRECTION('',(0.,1.,0.));
#2617=DIRECTION('',(0.,0.,1.));
#2618=DIRECTION('',(0.,-1.,0.));
#2619=DIRECTION('',(0.,0.,-1.));
#2620=DIRECTION('',(1.,0.,0.));
#2621=DIRECTION('',(0.,0.,-1.));
#2622=DIRECTION('',(0.,0.,-1.));
#2623=DIRECTION('',(0.,-1.,0.));
#2624=DIRECTION('',(0.,0.,-1.));
#2625=CARTESIAN_POINT('',(0.,0.,0.));
#2626=CARTESIAN_POINT('',(0.012768,-0.09283,0.025));
#2627=CARTESIAN_POINT('',(0.012768,-0.06108,0.025));
#2628=CARTESIAN_POINT('',(0.012768,-0.06108,0.0109015001864307));
#2629=CARTESIAN_POINT('',(0.012768,-0.0666867250120804,0.025));
#2630=CARTESIAN_POINT('',(0.012768,-0.0666867250120804,0.0390984998135693));
#2631=CARTESIAN_POINT('',(0.012768,-0.09283,0.025));
#2632=CARTESIAN_POINT('',(0.012768,-0.09283,0.025));
#2633=CARTESIAN_POINT('',(0.012768,-0.09283,0.0282));
#2634=CARTESIAN_POINT('',(0.012768,-0.09283,0.025));
#2635=CARTESIAN_POINT('',(0.012768,-0.09283,0.0178834734079077));
#2636=CARTESIAN_POINT('',(0.,0.,0.05));
#2637=CARTESIAN_POINT('',(-0.04508,0.01476,0.05));
#2638=CARTESIAN_POINT('',(-0.03492,0.01476,0.05));
#2639=CARTESIAN_POINT('',(-0.04508,0.02492,0.05));
#2640=CARTESIAN_POINT('',(-0.03492,-0.03,0.05));
#2641=CARTESIAN_POINT('',(-0.03492,-0.03,0.05));
#2642=CARTESIAN_POINT('',(0.,-0.03,0.05));
#2643=CARTESIAN_POINT('',(-0.029464,-0.03,0.05));
#2644=CARTESIAN_POINT('',(-0.029464,-0.0031775,0.05));
#2645=CARTESIAN_POINT('',(-0.029464,0.02,0.05));
#2646=CARTESIAN_POINT('',(-6.93889390390723E-18,0.02,0.05));
#2647=CARTESIAN_POINT('',(-0.021839,0.02,0.05));
#2648=CARTESIAN_POINT('',(-0.021839,0.019998,0.05));
#2649=CARTESIAN_POINT('',(-0.021839,0.02492,0.05));
#2650=CARTESIAN_POINT('',(-0.0908,0.02492,0.05));
#2651=CARTESIAN_POINT('',(0.,0.03,0.05));
#2652=CARTESIAN_POINT('',(0.012451,0.03,0.05));
#2653=CARTESIAN_POINT('',(0.012451,0.03,0.02968));
#2654=CARTESIAN_POINT('',(0.012451,0.03,0.04492));
#2655=CARTESIAN_POINT('',(0.03492,0.03,0.04492));
#2656=CARTESIAN_POINT('',(0.03492,0.03,0.04492));
#2657=CARTESIAN_POINT('',(0.03492,0.03,0.));
#2658=CARTESIAN_POINT('',(0.03492,0.03,0.00508));
#2659=CARTESIAN_POINT('',(0.,0.03,0.00508));
#2660=CARTESIAN_POINT('',(-0.08572,0.03,0.00508));
#2661=CARTESIAN_POINT('',(-0.08572,0.03,0.05));
#2662=CARTESIAN_POINT('',(-0.08572,0.03,0.04492));
#2663=CARTESIAN_POINT('',(-0.021839,0.03,0.04492));
#2664=CARTESIAN_POINT('',(-0.026919,0.03,0.04492));
#2665=CARTESIAN_POINT('',(-0.026919,0.03,0.0246));
#2666=CARTESIAN_POINT('',(-0.026919,0.03,0.02968));
#2667=CARTESIAN_POINT('',(-0.016759,0.03,0.02968));
#2668=CARTESIAN_POINT('',(-0.016759,0.03,0.01952));
#2669=CARTESIAN_POINT('',(-7.24058494320754E-18,0.03,0.01952));
#2670=CARTESIAN_POINT('',(0.002291,0.03,0.01952));
#2671=CARTESIAN_POINT('',(0.002291,0.03,0.02968));
#2672=CARTESIAN_POINT('',(6.93889390390723E-18,-0.026355,0.01));
#2673=CARTESIAN_POINT('',(-0.014464,-0.026355,0.009998));
#2674=CARTESIAN_POINT('',(-0.014464,-0.026355,0.01));
#2675=CARTESIAN_POINT('',(-0.014464,-0.026355,0.04492));
#2676=CARTESIAN_POINT('',(-0.009384,-0.026355,0.04492));
#2677=CARTESIAN_POINT('',(-0.009384,-0.026355,0.05));
#2678=CARTESIAN_POINT('',(6.93889390390723E-18,-0.026355,0.05));
#2679=CARTESIAN_POINT('',(-0.005212,-0.026355,0.05));
#2680=CARTESIAN_POINT('',(-0.005212,-0.026355,0.02968));
#2681=CARTESIAN_POINT('',(-0.005212,-0.026355,0.02968));
#2682=CARTESIAN_POINT('',(6.93889390390723E-18,-0.026355,0.02968));
#2683=CARTESIAN_POINT('',(0.002662,-0.026355,0.02968));
#2684=CARTESIAN_POINT('',(0.002662,-0.026355,0.02968));
#2685=CARTESIAN_POINT('',(0.002662,-0.026355,0.05));
#2686=CARTESIAN_POINT('',(6.93889390390723E-18,-0.026355,0.05));
#2687=CARTESIAN_POINT('',(0.029464,-0.026355,0.05));
#2688=CARTESIAN_POINT('',(0.029464,-0.026355,0.01));
#2689=CARTESIAN_POINT('',(0.029464,-0.026355,0.01));
#2690=CARTESIAN_POINT('',(6.93889390390723E-18,-0.026355,0.01));
#2691=CARTESIAN_POINT('',(0.,0.,0.05));
#2692=CARTESIAN_POINT('',(-0.009384,0.,0.05));
#2693=CARTESIAN_POINT('',(-0.009384,-0.05092,0.05));
#2694=CARTESIAN_POINT('',(0.,-0.05092,0.05));
#2695=CARTESIAN_POINT('',(0.03492,-0.05092,0.05));
#2696=CARTESIAN_POINT('',(0.03492,0.,0.05));
#2697=CARTESIAN_POINT('',(0.03492,0.02492,0.05));
#2698=CARTESIAN_POINT('',(0.007371,0.02492,0.05));
#2699=CARTESIAN_POINT('',(0.007371,0.02492,0.05));
#2700=CARTESIAN_POINT('',(0.007371,0.019998,0.05));
#2701=CARTESIAN_POINT('',(0.007371,0.02,0.05));
#2702=CARTESIAN_POINT('',(-6.93889390390723E-18,0.02,0.05));
#2703=CARTESIAN_POINT('',(0.029464,0.02,0.05));
#2704=CARTESIAN_POINT('',(0.029464,-0.0031775,0.05));
#2705=CARTESIAN_POINT('',(0.002662,-0.03334,0.05));
#2706=CARTESIAN_POINT('',(0.002662,-0.040325,0.05));
#2707=CARTESIAN_POINT('',(-0.001275,-0.040325,0.05));
#2708=CARTESIAN_POINT('',(-0.005212,-0.040325,0.05));
#2709=CARTESIAN_POINT('',(-0.005212,-0.03334,0.05));
#2710=CARTESIAN_POINT('',(0.012768,-0.056,-2.000000000002E-6));
#2711=CARTESIAN_POINT('',(0.012768,-0.056,0.025));
#2712=CARTESIAN_POINT('',(0.012768,-0.056,0.00582150018643065));
#2713=CARTESIAN_POINT('',(-0.009384,-0.056,-2.000000000002E-6));
#2714=CARTESIAN_POINT('',(-0.009384,-0.056,0.04492));
#2715=CARTESIAN_POINT('',(-0.009384,-0.056,0.00508));
#2716=CARTESIAN_POINT('',(0.04,-0.056,0.00508));
#2717=CARTESIAN_POINT('',(0.03492,-0.056,0.00508));
#2718=CARTESIAN_POINT('',(0.03492,-0.056,-2.000000000002E-6));
#2719=CARTESIAN_POINT('',(0.03492,-0.056,0.04492));
#2720=CARTESIAN_POINT('',(0.012768,-0.056,0.04492));
#2721=CARTESIAN_POINT('',(0.,-0.03,0.05));
#2722=CARTESIAN_POINT('',(-0.03492,-0.03,0.));
#2723=CARTESIAN_POINT('',(-0.03492,-0.03,0.00508));
#2724=CARTESIAN_POINT('',(-0.014464,-0.03,0.00508));
#2725=CARTESIAN_POINT('',(-0.019544,-0.03,0.00508));
#2726=CARTESIAN_POINT('',(-0.019544,-0.03,0.01));
#2727=CARTESIAN_POINT('',(-0.019544,-0.03,0.01));
#2728=CARTESIAN_POINT('',(0.,-0.03,0.01));
#2729=CARTESIAN_POINT('',(-0.029464,-0.03,0.01));
#2730=CARTESIAN_POINT('',(-0.029464,-0.03,0.009998));
#2731=CARTESIAN_POINT('',(0.04,0.,0.05));
#2732=CARTESIAN_POINT('',(0.04,-0.0420394527249337,0.0250000008));
#2733=CARTESIAN_POINT('',(0.04,-0.0420394527249337,0.0307620008));
#2734=CARTESIAN_POINT('',(0.04,0.02492,0.05));
#2735=CARTESIAN_POINT('',(0.04,0.02492,0.00508));
#2736=CARTESIAN_POINT('',(0.04,0.02492,0.04492));
#2737=CARTESIAN_POINT('',(0.04,0.,0.04492));
#2738=CARTESIAN_POINT('',(0.04,-0.05092,0.04492));
#2739=CARTESIAN_POINT('',(0.04,-0.05092,0.05));
#2740=CARTESIAN_POINT('',(0.04,-0.05092,0.00508));
#2741=CARTESIAN_POINT('',(0.04,0.02492,0.00508));
#2742=CARTESIAN_POINT('',(-0.04,0.,0.05));
#2743=CARTESIAN_POINT('',(-0.04,0.,0.00508));
#2744=CARTESIAN_POINT('',(-0.04,0.01476,0.00508));
#2745=CARTESIAN_POINT('',(-0.04,-0.02492,0.00508));
#2746=CARTESIAN_POINT('',(-0.04,-0.02492,0.05));
#2747=CARTESIAN_POINT('',(-0.04,-0.02492,0.04492));
#2748=CARTESIAN_POINT('',(-0.04,0.01984,0.04492));
#2749=CARTESIAN_POINT('',(-0.04,0.01476,0.04492));
#2750=CARTESIAN_POINT('',(-0.04,0.01476,0.05));
#2751=CARTESIAN_POINT('',(0.,0.,0.));
#2752=CARTESIAN_POINT('',(-0.014464,-0.05092,0.));
#2753=CARTESIAN_POINT('',(0.03492,-0.05092,0.));
#2754=CARTESIAN_POINT('',(-0.009384,-0.05092,0.));
#2755=CARTESIAN_POINT('',(-0.009384,-0.03,0.));
#2756=CARTESIAN_POINT('',(-0.009384,-0.03508,0.));
#2757=CARTESIAN_POINT('',(-0.019544,-0.03508,0.));
#2758=CARTESIAN_POINT('',(-0.019544,-0.02492,0.));
#2759=CARTESIAN_POINT('',(-0.04,-0.02492,0.));
#2760=CARTESIAN_POINT('',(-0.03492,-0.02492,0.));
#2761=CARTESIAN_POINT('',(-0.03492,0.,0.));
#2762=CARTESIAN_POINT('',(-0.03492,0.01476,0.));
#2763=CARTESIAN_POINT('',(-0.04508,0.01476,0.));
#2764=CARTESIAN_POINT('',(-0.04508,0.02492,0.));
#2765=CARTESIAN_POINT('',(0.,0.02492,0.));
#2766=CARTESIAN_POINT('',(0.03492,0.02492,0.));
#2767=CARTESIAN_POINT('',(0.03492,-0.056,0.));
#2768=CARTESIAN_POINT('',(0.0064466,-0.00302,0.));
#2769=CARTESIAN_POINT('',(-0.0115874,-0.00302,0.));
#2770=CARTESIAN_POINT('',(0.029464,-0.0031775,0.01));
#2771=CARTESIAN_POINT('',(0.029464,0.02,0.01));
#2772=CARTESIAN_POINT('',(0.029464,0.02,0.01));
#2773=CARTESIAN_POINT('',(0.029464,-0.0031775,0.01));
#2774=CARTESIAN_POINT('',(-6.93889390390723E-18,0.02,0.01));
#2775=CARTESIAN_POINT('',(-0.007234,0.02,0.0246));
#2776=CARTESIAN_POINT('',(-0.016759,0.02,0.0246));
#2777=CARTESIAN_POINT('',(0.002291,0.02,0.0246));
#2778=CARTESIAN_POINT('',(-0.016759,0.02,0.02968));
#2779=CARTESIAN_POINT('',(-0.021839,0.02,0.02968));
#2780=CARTESIAN_POINT('',(-0.021839,0.02,0.0373));
#2781=CARTESIAN_POINT('',(-0.029464,0.02,0.01));
#2782=CARTESIAN_POINT('',(-0.029464,0.02,0.01));
#2783=CARTESIAN_POINT('',(-6.93889390390723E-18,0.02,0.01));
#2784=CARTESIAN_POINT('',(0.007371,0.02,0.0373));
#2785=CARTESIAN_POINT('',(0.007371,0.02,0.02968));
#2786=CARTESIAN_POINT('',(0.002291,0.02,0.02968));
#2787=CARTESIAN_POINT('',(-0.029464,-0.0031775,0.01));
#2788=CARTESIAN_POINT('',(-0.029464,-0.0031775,0.01));
#2789=CARTESIAN_POINT('',(0.,0.,0.01));
#2790=CARTESIAN_POINT('',(0.0064466,-0.00302,0.01));
#2791=CARTESIAN_POINT('',(0.0244806,-0.00302,0.01));
#2792=CARTESIAN_POINT('',(-0.019544,-0.03508,0.01));
#2793=CARTESIAN_POINT('',(-0.014464,-0.03508,0.01));
#2794=CARTESIAN_POINT('',(-0.014464,-0.0281775,0.01));
#2795=CARTESIAN_POINT('',(-0.014464,-0.0281775,0.009998));
#2796=CARTESIAN_POINT('',(-0.014464,-0.05092,0.009998));
#2797=CARTESIAN_POINT('',(-0.014464,-0.05092,0.00508));
#2798=CARTESIAN_POINT('',(-0.014464,-0.05092,0.04492));
#2799=CARTESIAN_POINT('',(-0.014464,-0.0281775,0.04492));
#2800=CARTESIAN_POINT('',(-0.014464,-0.03508,0.));
#2801=CARTESIAN_POINT('',(-0.014464,-0.03508,0.00508));
#2802=CARTESIAN_POINT('',(-0.014464,-0.056,0.00508));
#2803=CARTESIAN_POINT('',(0.002662,-0.03334,0.02968));
#2804=CARTESIAN_POINT('',(0.002662,-0.03334,0.02968));
#2805=CARTESIAN_POINT('',(0.002662,-0.040325,0.02968));
#2806=CARTESIAN_POINT('',(0.002662,-0.040325,0.02968));
#2807=CARTESIAN_POINT('',(-0.005212,-0.03334,0.02968));
#2808=CARTESIAN_POINT('',(-0.005212,-0.040325,0.02968));
#2809=CARTESIAN_POINT('',(-0.005212,-0.040325,0.02968));
#2810=CARTESIAN_POINT('',(-0.005212,-0.03334,0.02968));
#2811=CARTESIAN_POINT('',(-0.001275,-0.040325,0.02968));
#2812=CARTESIAN_POINT('',(-0.001275,-0.040325,0.02968));
#2813=CARTESIAN_POINT('',(0.,-0.013,0.02968));
#2814=CARTESIAN_POINT('',(0.0064466,-0.00302,0.010002));
#2815=CARTESIAN_POINT('',(-0.021839,0.019998,0.0373));
#2816=CARTESIAN_POINT('',(-0.021839,0.019998,0.02968));
#2817=CARTESIAN_POINT('',(-0.021839,0.02492,0.02968));
#2818=CARTESIAN_POINT('',(-0.021839,0.02492,0.05));
#2819=CARTESIAN_POINT('',(-0.007234,0.019998,0.0246));
#2820=CARTESIAN_POINT('',(-0.007234,0.02492,0.0246));
#2821=CARTESIAN_POINT('',(0.002291,0.02492,0.0246));
#2822=CARTESIAN_POINT('',(-0.016759,0.02492,0.0246));
#2823=CARTESIAN_POINT('',(-0.016759,0.019998,0.0246));
#2824=CARTESIAN_POINT('',(0.002291,0.03,0.0246));
#2825=CARTESIAN_POINT('',(0.007371,0.019998,0.0373));
#2826=CARTESIAN_POINT('',(0.007371,0.02492,0.0373));
#2827=CARTESIAN_POINT('',(0.007371,0.02492,0.02968));
#2828=CARTESIAN_POINT('',(0.007371,0.02,0.02968));
#2829=CARTESIAN_POINT('',(0.03492,0.02492,0.05));
#2830=CARTESIAN_POINT('',(0.03492,0.02492,0.04492));
#2831=CARTESIAN_POINT('',(0.03492,0.02492,0.00508));
#2832=CARTESIAN_POINT('',(-0.0908,0.01984,0.025));
#2833=CARTESIAN_POINT('',(-0.04,0.01984,0.00508));
#2834=CARTESIAN_POINT('',(-0.08572,0.01984,0.00508));
#2835=CARTESIAN_POINT('',(-0.04508,0.01984,0.00508));
#2836=CARTESIAN_POINT('',(-0.04508,0.01984,0.025));
#2837=CARTESIAN_POINT('',(-0.04508,0.01984,0.04492));
#2838=CARTESIAN_POINT('',(-0.0908,0.01984,0.04492));
#2839=CARTESIAN_POINT('',(-0.08572,0.01984,0.04492));
#2840=CARTESIAN_POINT('',(-0.08572,0.01984,0.025));
#2841=CARTESIAN_POINT('',(0.015968,-0.08233,0.025));
#2842=CARTESIAN_POINT('',(0.012768,-0.08233,0.025));
#2843=CARTESIAN_POINT('',(0.012768,-0.08233,0.0235));
#2844=CARTESIAN_POINT('',(0.012768,-0.08233,0.025));
#2845=CARTESIAN_POINT('',(0.012768,-0.08233,0.0282));
#2846=CARTESIAN_POINT('',(0.012768,-0.09283,0.025));
#2847=CARTESIAN_POINT('',(0.0208266765427589,-0.0420394527249337,0.025));
#2848=CARTESIAN_POINT('',(0.0208266765427589,-0.0420394527249336,0.025));
#2849=CARTESIAN_POINT('',(0.0208266765427589,-0.0420394527249336,0.0235));
#2850=CARTESIAN_POINT('',(0.05524,-0.0420394527249337,0.0250000008));
#2851=CARTESIAN_POINT('',(0.05524,-0.0420394527249337,0.0235000008));
#2852=CARTESIAN_POINT('',(0.0208266765427589,-0.0500981292676926,0.025));
#2853=CARTESIAN_POINT('',(0.012768,-0.0500981292676926,0.025));
#2854=CARTESIAN_POINT('',(0.012768,-0.0500981292676926,0.0235));
#2855=CARTESIAN_POINT('',(0.012768,-0.08233,0.025));
#2856=CARTESIAN_POINT('',(0.05524,-0.0429144527249336,0.0250000008));
#2857=CARTESIAN_POINT('',(0.05524,-0.0420394527249337,0.0250000008));
#2858=CARTESIAN_POINT('',(0.05524,-0.0420394527249337,0.0267500008));
#2859=CARTESIAN_POINT('',(0.0527,-0.0420394527249337,0.0250000008));
#2860=CARTESIAN_POINT('',(0.0527,-0.0420394527249337,0.0250000008));
#2861=CARTESIAN_POINT('',(0.0527,-0.0420394527249337,0.0280536674666667));
#2862=CARTESIAN_POINT('',(0.0527,-0.0447121193916003,0.0250000008));
#2863=CARTESIAN_POINT('',(0.0527,-0.0420394527249337,0.0250000008));
#2864=CARTESIAN_POINT('',(0.0527,-0.0420394527249337,0.0272916674666667));
#2865=CARTESIAN_POINT('',(0.05016,-0.0420394527249337,0.0250000008));
#2866=CARTESIAN_POINT('',(0.05016,-0.0420394527249337,0.0250000008));
#2867=CARTESIAN_POINT('',(0.05016,-0.0420394527249337,0.0285953341333333));
#2868=CARTESIAN_POINT('',(0.05016,-0.045253786058267,0.0250000008));
#2869=CARTESIAN_POINT('',(0.05016,-0.0420394527249337,0.0250000008));
#2870=CARTESIAN_POINT('',(0.05016,-0.0420394527249337,0.0278333341333333));
#2871=CARTESIAN_POINT('',(0.04762,-0.0420394527249337,0.0250000008));
#2872=CARTESIAN_POINT('',(0.04762,-0.0420394527249337,0.0250000008));
#2873=CARTESIAN_POINT('',(0.04762,-0.0420394527249337,0.0291370008));
#2874=CARTESIAN_POINT('',(0.04762,-0.0457954527249336,0.0250000008));
#2875=CARTESIAN_POINT('',(0.04762,-0.0420394527249337,0.0250000008));
#2876=CARTESIAN_POINT('',(0.04762,-0.0420394527249337,0.0283750008));
#2877=CARTESIAN_POINT('',(0.04508,-0.0420394527249337,0.0250000008));
#2878=CARTESIAN_POINT('',(0.04508,-0.0420394527249337,0.0250000008));
#2879=CARTESIAN_POINT('',(0.04508,-0.0420394527249337,0.0296786674666667));
#2880=CARTESIAN_POINT('',(0.04508,-0.0463371193916003,0.0250000008));
#2881=CARTESIAN_POINT('',(0.04508,-0.0420394527249337,0.0250000008));
#2882=CARTESIAN_POINT('',(0.04508,-0.0420394527249337,0.0289166674666666));
#2883=CARTESIAN_POINT('',(0.04254,-0.0420394527249337,0.0250000008));
#2884=CARTESIAN_POINT('',(0.04254,-0.0420394527249337,0.0250000008));
#2885=CARTESIAN_POINT('',(0.04254,-0.0420394527249337,0.0302203341333333));
#2886=CARTESIAN_POINT('',(0.04254,-0.046878786058267,0.0250000008));
#2887=CARTESIAN_POINT('',(0.04254,-0.0420394527249337,0.0250000008));
#2888=CARTESIAN_POINT('',(0.04254,-0.0420394527249337,0.0294583341333333));
#2889=CARTESIAN_POINT('',(0.04,-0.0420394527249337,0.0250000008));
#2890=CARTESIAN_POINT('',(-0.009384,0.,0.04492));
#2891=CARTESIAN_POINT('',(-0.009384,-0.05092,0.04492));
#2892=CARTESIAN_POINT('',(0.,0.02492,0.04492));
#2893=CARTESIAN_POINT('',(0.012451,0.02492,0.04492));
#2894=CARTESIAN_POINT('',(0.03492,0.02492,0.04492));
#2895=CARTESIAN_POINT('',(-0.009384,-0.05092,0.04492));
#2896=CARTESIAN_POINT('',(-0.009384,-0.05092,0.04492));
#2897=CARTESIAN_POINT('',(-0.009384,-0.05092,0.04492));
#2898=CARTESIAN_POINT('',(0.03492,0.02492,0.04492));
#2899=CARTESIAN_POINT('',(0.03492,0.02492,0.04492));
#2900=CARTESIAN_POINT('',(0.012451,0.02492,0.0373));
#2901=CARTESIAN_POINT('',(0.012451,0.02492,0.02968));
#2902=CARTESIAN_POINT('',(0.002291,0.019998,0.02968));
#2903=CARTESIAN_POINT('',(0.002291,0.02492,0.02968));
#2904=CARTESIAN_POINT('',(-0.009384,-0.05092,0.009998));
#2905=CARTESIAN_POINT('',(-0.009384,-0.05092,0.00508));
#2906=CARTESIAN_POINT('',(0.,-0.05092,0.04492));
#2907=CARTESIAN_POINT('',(0.03492,-0.05092,0.04492));
#2908=CARTESIAN_POINT('',(0.03492,0.,0.04492));
#2909=CARTESIAN_POINT('',(0.03492,-0.05092,0.04492));
#2910=CARTESIAN_POINT('',(0.002291,0.02492,0.02968));
#2911=CARTESIAN_POINT('',(0.002291,0.02492,0.01952));
#2912=CARTESIAN_POINT('',(-0.009384,-0.05092,0.00508));
#2913=CARTESIAN_POINT('',(-0.009384,-0.05092,0.00508));
#2914=CARTESIAN_POINT('',(-0.009384,-0.05092,0.00508));
#2915=CARTESIAN_POINT('',(0.03492,-0.05092,0.04492));
#2916=CARTESIAN_POINT('',(0.03492,-0.05092,0.04492));
#2917=CARTESIAN_POINT('',(-0.007234,0.02492,0.01952));
#2918=CARTESIAN_POINT('',(-0.016759,0.02492,0.01952));
#2919=CARTESIAN_POINT('',(-0.016759,0.019998,0.02968));
#2920=CARTESIAN_POINT('',(-0.016759,0.02492,0.02968));
#2921=CARTESIAN_POINT('',(-0.019544,-0.03508,0.05));
#2922=CARTESIAN_POINT('',(-0.019544,-0.03508,0.00508));
#2923=CARTESIAN_POINT('',(-0.009384,0.,0.00508));
#2924=CARTESIAN_POINT('',(-0.009384,-0.03508,0.00508));
#2925=CARTESIAN_POINT('',(0.,-0.05092,0.00508));
#2926=CARTESIAN_POINT('',(0.03492,-0.05092,0.00508));
#2927=CARTESIAN_POINT('',(0.03492,-0.05092,-2.000000000002E-6));
#2928=CARTESIAN_POINT('',(0.03492,-0.05092,0.00508));
#2929=CARTESIAN_POINT('',(-0.016759,0.02492,0.02968));
#2930=CARTESIAN_POINT('',(-0.026919,0.02492,0.02968));
#2931=CARTESIAN_POINT('',(-0.019544,-0.03508,0.00508));
#2932=CARTESIAN_POINT('',(-0.019544,-0.02492,0.00508));
#2933=CARTESIAN_POINT('',(0.03492,-0.05092,0.00508));
#2934=CARTESIAN_POINT('',(0.03492,-0.05092,0.00508));
#2935=CARTESIAN_POINT('',(-0.026919,0.02492,0.05));
#2936=CARTESIAN_POINT('',(-0.026919,0.02492,0.04492));
#2937=CARTESIAN_POINT('',(-0.03492,0.,0.04492));
#2938=CARTESIAN_POINT('',(-0.03492,0.01476,0.04492));
#2939=CARTESIAN_POINT('',(-0.03492,-0.02492,0.04492));
#2940=CARTESIAN_POINT('',(-0.03492,-0.02492,0.05));
#2941=CARTESIAN_POINT('',(-0.03492,-0.02492,0.00508));
#2942=CARTESIAN_POINT('',(0.,-0.02492,0.00508));
#2943=CARTESIAN_POINT('',(-0.03492,-0.02492,0.00508));
#2944=CARTESIAN_POINT('',(0.03492,0.,0.00508));
#2945=CARTESIAN_POINT('',(0.03492,0.02492,0.00508));
#2946=CARTESIAN_POINT('',(0.,0.02492,0.04492));
#2947=CARTESIAN_POINT('',(-0.08572,0.02492,0.04492));
#2948=CARTESIAN_POINT('',(-0.04508,0.02492,0.04492));
#2949=CARTESIAN_POINT('',(-0.04508,0.01476,0.04492));
#2950=CARTESIAN_POINT('',(-0.04508,0.01476,0.04492));
#2951=CARTESIAN_POINT('',(-0.03492,-0.02492,0.00508));
#2952=CARTESIAN_POINT('',(-0.03492,-0.02492,0.00508));
#2953=CARTESIAN_POINT('',(0.03492,0.02492,0.00508));
#2954=CARTESIAN_POINT('',(0.03492,0.02492,0.00508));
#2955=CARTESIAN_POINT('',(-0.08572,0.02492,0.025));
#2956=CARTESIAN_POINT('',(-0.08572,0.02492,0.00508));
#2957=CARTESIAN_POINT('',(-0.04508,0.01476,0.05));
#2958=CARTESIAN_POINT('',(-0.04508,0.01476,0.00508));
#2959=CARTESIAN_POINT('',(-0.03492,0.,0.00508));
#2960=CARTESIAN_POINT('',(-0.03492,0.01476,0.00508));
#2961=CARTESIAN_POINT('',(0.,0.02492,0.00508));
#2962=CARTESIAN_POINT('',(-0.04508,0.02492,0.00508));
#2963=CARTESIAN_POINT('',(-0.04508,0.01476,0.00508));
#2964=CARTESIAN_POINT('',(0.012768,-0.06108,0.025));
#2965=CARTESIAN_POINT('',(0.012768,-0.0928470939397812,0.025));
#2966=CARTESIAN_POINT('',(0.,0.,0.));
#2967=CARTESIAN_POINT('',(-0.0699,-0.00556,0.001505));
#2968=CARTESIAN_POINT('',(-0.0714,-0.00556,0.001505));
#2969=CARTESIAN_POINT('',(-0.0714,-0.00556,0.001505));
#2970=CARTESIAN_POINT('',(-0.0714,0.0173,0.001505));
#2971=CARTESIAN_POINT('',(-0.071402,0.0173,0.001505));
#2972=CARTESIAN_POINT('',(-0.0684,0.0173,0.001505));
#2973=CARTESIAN_POINT('',(-0.0684,-0.00556,0.001505));
#2974=CARTESIAN_POINT('',(-0.0684,-0.00556,0.001505));
#2975=CARTESIAN_POINT('',(-0.0699,-0.00556,0.001505));
#2976=CARTESIAN_POINT('',(-0.071402,0.00587,0.00433880127276001));
#2977=CARTESIAN_POINT('',(-0.0684,0.00587,0.00433880127276001));
#2978=CARTESIAN_POINT('',(-0.0684,0.00587,0.00276380127276001));
#2979=CARTESIAN_POINT('',(-0.0714,0.00587,0.00433880127276001));
#2980=CARTESIAN_POINT('',(-0.0714,0.00587,0.00276380127276001));
#2981=CARTESIAN_POINT('',(-0.0699,-0.00556,0.048495));
#2982=CARTESIAN_POINT('',(-0.071402,0.0173,0.048495));
#2983=CARTESIAN_POINT('',(-0.0714,0.0173,0.048495));
#2984=CARTESIAN_POINT('',(-0.0684,0.0173,0.048495));
#2985=CARTESIAN_POINT('',(-0.0714,-0.00556,0.048495));
#2986=CARTESIAN_POINT('',(-0.0714,-0.00556,0.048495));
#2987=CARTESIAN_POINT('',(-0.0699,-0.00556,0.048495));
#2988=CARTESIAN_POINT('',(-0.0684,-0.00556,0.048495));
#2989=CARTESIAN_POINT('',(-0.0684,-0.00556,0.048495));
#2990=CARTESIAN_POINT('',(-0.071402,0.00587,0.04566119872724));
#2991=CARTESIAN_POINT('',(-0.0684,0.00587,0.04566119872724));
#2992=CARTESIAN_POINT('',(-0.0684,0.00587,0.04408619872724));
#2993=CARTESIAN_POINT('',(-0.0714,0.00587,0.04566119872724));
#2994=CARTESIAN_POINT('',(-0.0714,0.00587,0.04408619872724));
#2995=CARTESIAN_POINT('',(-0.0714,-0.00556,0.04566119872724));
#2996=CARTESIAN_POINT('',(-0.0714,0.0173,0.04566119872724));
#2997=CARTESIAN_POINT('',(-0.0714,0.0173,0.04282739745448));
#2998=CARTESIAN_POINT('',(-0.0714,-0.00556,0.04282739745448));
#2999=CARTESIAN_POINT('',(-0.0714,-0.00556,0.04282739745448));
#3000=CARTESIAN_POINT('',(-0.0714,-0.00556,0.04566119872724));
#3001=CARTESIAN_POINT('',(-0.0714,-0.00556,0.00433880127276001));
#3002=CARTESIAN_POINT('',(-0.0714,0.0173,0.00433880127276001));
#3003=CARTESIAN_POINT('',(-0.0714,0.0173,0.00717260254552));
#3004=CARTESIAN_POINT('',(-0.0714,-0.00556,0.00433880127276001));
#3005=CARTESIAN_POINT('',(-0.0714,-0.00556,0.00717260254552));
#3006=CARTESIAN_POINT('',(-0.0714,-0.00556,0.00717260254552));
#3007=CARTESIAN_POINT('',(-0.071402,0.0173,0.04566119872724));
#3008=CARTESIAN_POINT('',(-0.0684,0.0173,0.0440959692283496));
#3009=CARTESIAN_POINT('',(-0.0684,0.0173,0.04282739745448));
#3010=CARTESIAN_POINT('',(-0.071402,0.0173,0.04282739745448));
#3011=CARTESIAN_POINT('',(-0.071402,0.0173,0.00433880127276001));
#3012=CARTESIAN_POINT('',(-0.0684,0.0173,0.00590403077165047));
#3013=CARTESIAN_POINT('',(-0.0684,0.0173,0.00717260254552));
#3014=CARTESIAN_POINT('',(-0.071402,0.0173,0.00717260254552));
#3015=CARTESIAN_POINT('',(-0.0654,-0.00556,0.025));
#3016=CARTESIAN_POINT('',(-0.0654,-0.00556,0.01865));
#3017=CARTESIAN_POINT('',(-0.0751908141071789,-0.00556,0.0136360236220473));
#3018=CARTESIAN_POINT('',(-0.0684,-0.00556,0.00806699475574166));
#3019=CARTESIAN_POINT('',(-0.0654,-0.00556,0.025));
#3020=CARTESIAN_POINT('',(-0.0684,-0.00556,0.039696938456699));
#3021=CARTESIAN_POINT('',(-0.0684,-0.00556,0.0440959692283496));
#3022=CARTESIAN_POINT('',(-0.0654,-0.00556,0.025));
#3023=CARTESIAN_POINT('',(-0.0684,-0.00556,0.00590403077165047));
#3024=CARTESIAN_POINT('',(-0.071402,0.01857,0.04282739745448));
#3025=CARTESIAN_POINT('',(-0.071402,0.01984,0.04282739745448));
#3026=CARTESIAN_POINT('',(-0.0714,0.01984,0.04282739745448));
#3027=CARTESIAN_POINT('',(-0.0684,0.01984,0.04282739745448));
#3028=CARTESIAN_POINT('',(-0.0714,0.01857,0.04282739745448));
#3029=CARTESIAN_POINT('',(-0.0684,-0.00556,0.04282739745448));
#3030=CARTESIAN_POINT('',(-0.071402,-0.00556,0.00717260254552));
#3031=CARTESIAN_POINT('',(-0.0714,-0.00556,0.00717260254552));
#3032=CARTESIAN_POINT('',(-0.0714,0.01984,0.00717260254552));
#3033=CARTESIAN_POINT('',(-0.071402,0.01984,0.00717260254552));
#3034=CARTESIAN_POINT('',(-0.0684,0.01984,0.00717260254552));
#3035=CARTESIAN_POINT('',(-0.0684,-0.00556,0.00717260254552));
#3036=CARTESIAN_POINT('',(-0.0654,-0.00556,0.025));
#3037=CARTESIAN_POINT('',(-0.0654,0.01984,0.025));
#3038=CARTESIAN_POINT('',(-0.0684,-0.00556,0.0440959692283496));
#3039=CARTESIAN_POINT('',(-0.0684,-0.00556,0.039696938456699));
#3040=CARTESIAN_POINT('',(-0.0684,0.01984,0.039696938456699));
#3041=CARTESIAN_POINT('',(-0.0684,0.01984,0.0440959692283496));
#3042=CARTESIAN_POINT('',(-0.0654,-0.005562,0.01865));
#3043=CARTESIAN_POINT('',(-0.0654,0.01984,0.01865));
#3044=CARTESIAN_POINT('',(-0.0751908141071788,0.01984,0.0136360236220473));
#3045=CARTESIAN_POINT('',(-0.0684,0.01984,0.00806699475574166));
#3046=CARTESIAN_POINT('',(-0.0751908141071788,0.00714,0.0136360236220473));
#3047=CARTESIAN_POINT('',(-0.0684,-0.005562,0.00806699475574166));
#3048=CARTESIAN_POINT('',(-0.0684,-0.00556,0.00590403077165047));
#3049=CARTESIAN_POINT('',(-0.0684,0.01984,0.00590403077165047));
#3050=CARTESIAN_POINT('',(-0.0654,-0.00556,0.025));
#3051=CARTESIAN_POINT('',(-0.0654,0.01984,0.025));
#3052=CARTESIAN_POINT('',(-0.0654,0.01984,-1.99999999999506E-6));
#3053=CARTESIAN_POINT('',(0.,0.,0.));
#3054=CARTESIAN_POINT('',(-0.0609,-0.00556,0.001505));
#3055=CARTESIAN_POINT('',(-0.0624,-0.00556,0.001505));
#3056=CARTESIAN_POINT('',(-0.0624,-0.00556,0.001505));
#3057=CARTESIAN_POINT('',(-0.0624,0.0173,0.001505));
#3058=CARTESIAN_POINT('',(-0.071402,0.0173,0.001505));
#3059=CARTESIAN_POINT('',(-0.0594,0.0173,0.001505));
#3060=CARTESIAN_POINT('',(-0.0594,-0.00556,0.001505));
#3061=CARTESIAN_POINT('',(-0.0594,-0.00556,0.001505));
#3062=CARTESIAN_POINT('',(-0.0609,-0.00556,0.001505));
#3063=CARTESIAN_POINT('',(-0.071402,0.00587,0.00433880127276001));
#3064=CARTESIAN_POINT('',(-0.0594,0.00587,0.00433880127276001));
#3065=CARTESIAN_POINT('',(-0.0594,0.00587,0.00276380127276001));
#3066=CARTESIAN_POINT('',(-0.0624,0.00587,0.00433880127276001));
#3067=CARTESIAN_POINT('',(-0.0624,0.00587,0.00276380127276001));
#3068=CARTESIAN_POINT('',(-0.0594,-0.00556,0.00433880127276001));
#3069=CARTESIAN_POINT('',(-0.0594,0.0173,0.00433880127276001));
#3070=CARTESIAN_POINT('',(-0.0594,0.0173,0.00717260254552));
#3071=CARTESIAN_POINT('',(-0.0594,-0.00556,0.00717260254552));
#3072=CARTESIAN_POINT('',(-0.0594,-0.00556,0.00717260254552));
#3073=CARTESIAN_POINT('',(-0.0594,-0.00556,0.00433880127276001));
#3074=CARTESIAN_POINT('',(-0.0594,-0.00556,0.04566119872724));
#3075=CARTESIAN_POINT('',(-0.0594,0.00587,0.04566119872724));
#3076=CARTESIAN_POINT('',(-0.0594,0.00587,0.04408619872724));
#3077=CARTESIAN_POINT('',(-0.0594,0.0173,0.04566119872724));
#3078=CARTESIAN_POINT('',(-0.0594,0.0173,0.048495));
#3079=CARTESIAN_POINT('',(-0.0594,0.0173,0.04282739745448));
#3080=CARTESIAN_POINT('',(-0.0594,-0.00556,0.048495));
#3081=CARTESIAN_POINT('',(-0.0594,-0.00556,0.048495));
#3082=CARTESIAN_POINT('',(-0.0594,-0.00556,0.04566119872724));
#3083=CARTESIAN_POINT('',(-0.0594,-0.00556,0.04282739745448));
#3084=CARTESIAN_POINT('',(-0.0594,-0.00556,0.04282739745448));
#3085=CARTESIAN_POINT('',(-0.0609,-0.00556,0.048495));
#3086=CARTESIAN_POINT('',(-0.071402,0.0173,0.048495));
#3087=CARTESIAN_POINT('',(-0.0624,0.0173,0.048495));
#3088=CARTESIAN_POINT('',(-0.0624,-0.00556,0.048495));
#3089=CARTESIAN_POINT('',(-0.0624,-0.00556,0.048495));
#3090=CARTESIAN_POINT('',(-0.0609,-0.00556,0.048495));
#3091=CARTESIAN_POINT('',(-0.071402,0.00587,0.04566119872724));
#3092=CARTESIAN_POINT('',(-0.0624,0.00587,0.04566119872724));
#3093=CARTESIAN_POINT('',(-0.0624,0.00587,0.04408619872724));
#3094=CARTESIAN_POINT('',(-0.071402,0.0173,0.04566119872724));
#3095=CARTESIAN_POINT('',(-0.071402,0.0173,0.04282739745448));
#3096=CARTESIAN_POINT('',(-0.0624,0.0173,0.04282739745448));
#3097=CARTESIAN_POINT('',(-0.0624,0.0173,0.0440959692283496));
#3098=CARTESIAN_POINT('',(-0.071402,0.0173,0.00433880127276001));
#3099=CARTESIAN_POINT('',(-0.071402,0.0173,0.00717260254552));
#3100=CARTESIAN_POINT('',(-0.0624,0.0173,0.00717260254552));
#3101=CARTESIAN_POINT('',(-0.0624,0.0173,0.00590403077165047));
#3102=CARTESIAN_POINT('',(-0.0654,-0.00556,0.025));
#3103=CARTESIAN_POINT('',(-0.0654,-0.00556,0.01865));
#3104=CARTESIAN_POINT('',(-0.0624,-0.00556,0.00806699475574165));
#3105=CARTESIAN_POINT('',(-0.0556091858928212,-0.00556,0.0136360236220472));
#3106=CARTESIAN_POINT('',(-0.0624,-0.00556,0.00590403077165047));
#3107=CARTESIAN_POINT('',(-0.0654,-0.00556,0.025));
#3108=CARTESIAN_POINT('',(-0.0624,-0.00556,0.0440959692283496));
#3109=CARTESIAN_POINT('',(-0.0624,-0.00556,0.0396969384566991));
#3110=CARTESIAN_POINT('',(-0.0654,-0.00556,0.025));
#3111=CARTESIAN_POINT('',(-0.071402,-0.00556,0.00717260254552));
#3112=CARTESIAN_POINT('',(-0.0624,-0.00556,0.00717260254552));
#3113=CARTESIAN_POINT('',(-0.0624,0.01984,0.00717260254552));
#3114=CARTESIAN_POINT('',(-0.071402,0.01984,0.00717260254552));
#3115=CARTESIAN_POINT('',(-0.0594,0.01984,0.00717260254552));
#3116=CARTESIAN_POINT('',(-0.0594,-0.00556,0.00717260254552));
#3117=CARTESIAN_POINT('',(-0.071402,0.01857,0.04282739745448));
#3118=CARTESIAN_POINT('',(-0.0624,-0.00556,0.04282739745448));
#3119=CARTESIAN_POINT('',(-0.0624,0.01984,0.04282739745448));
#3120=CARTESIAN_POINT('',(-0.0594,0.01857,0.04282739745448));
#3121=CARTESIAN_POINT('',(-0.0594,0.01984,0.04282739745448));
#3122=CARTESIAN_POINT('',(-0.071402,0.01984,0.04282739745448));
#3123=CARTESIAN_POINT('',(-0.0624,-0.00556,0.0440959692283496));
#3124=CARTESIAN_POINT('',(-0.0624,0.01984,0.0440959692283496));
#3125=CARTESIAN_POINT('',(-0.0624,0.01984,0.0396969384566991));
#3126=CARTESIAN_POINT('',(-0.0624,-0.00556,0.0396969384566991));
#3127=CARTESIAN_POINT('',(-0.0654,-0.00556,0.025));
#3128=CARTESIAN_POINT('',(-0.0654,0.01984,0.025));
#3129=CARTESIAN_POINT('',(-0.0654,-0.005562,0.01865));
#3130=CARTESIAN_POINT('',(-0.0654,0.01984,0.01865));
#3131=CARTESIAN_POINT('',(-0.0624,0.01984,0.00806699475574165));
#3132=CARTESIAN_POINT('',(-0.0556091858928212,0.01984,0.0136360236220472));
#3133=CARTESIAN_POINT('',(-0.0624,-0.005562,0.00806699475574166));
#3134=CARTESIAN_POINT('',(-0.0556091858928212,0.00714,0.0136360236220472));
#3135=CARTESIAN_POINT('',(-0.0654,-0.00556,0.025));
#3136=CARTESIAN_POINT('',(-0.0654,0.01984,0.025));
#3137=CARTESIAN_POINT('',(-0.0624,-0.00556,0.00590403077165047));
#3138=CARTESIAN_POINT('',(-0.0624,0.01984,0.00590403077165047));
#3139=CARTESIAN_POINT('',(-0.0654,0.01984,-1.99999999999506E-6));
#3140=MECHANICAL_DESIGN_GEOMETRIC_PRESENTATION_REPRESENTATION('',(#1815),
#3143);
#3141=MECHANICAL_DESIGN_GEOMETRIC_PRESENTATION_REPRESENTATION('',(#1816),
#3144);
#3142=MECHANICAL_DESIGN_GEOMETRIC_PRESENTATION_REPRESENTATION('',(#1817),
#3145);
#3143=(
GEOMETRIC_REPRESENTATION_CONTEXT(3)
GLOBAL_UNCERTAINTY_ASSIGNED_CONTEXT((#3146))
GLOBAL_UNIT_ASSIGNED_CONTEXT((#3155,#3152,#3149))
REPRESENTATION_CONTEXT('Part 1','TOP_LEVEL_ASSEMBLY_PART')
);
#3144=(
GEOMETRIC_REPRESENTATION_CONTEXT(3)
GLOBAL_UNCERTAINTY_ASSIGNED_CONTEXT((#3147))
GLOBAL_UNIT_ASSIGNED_CONTEXT((#3156,#3153,#3150))
REPRESENTATION_CONTEXT('Part 2','TOP_LEVEL_ASSEMBLY_PART')
);
#3145=(
GEOMETRIC_REPRESENTATION_CONTEXT(3)
GLOBAL_UNCERTAINTY_ASSIGNED_CONTEXT((#3148))
GLOBAL_UNIT_ASSIGNED_CONTEXT((#3157,#3154,#3151))
REPRESENTATION_CONTEXT('Part 3','TOP_LEVEL_ASSEMBLY_PART')
);
#3146=UNCERTAINTY_MEASURE_WITH_UNIT(LENGTH_MEASURE(1.E-8),#3155,
'DISTANCE_ACCURACY_VALUE','Maximum Tolerance applied to model');
#3147=UNCERTAINTY_MEASURE_WITH_UNIT(LENGTH_MEASURE(1.E-8),#3156,
'DISTANCE_ACCURACY_VALUE','Maximum Tolerance applied to model');
#3148=UNCERTAINTY_MEASURE_WITH_UNIT(LENGTH_MEASURE(1.E-8),#3157,
'DISTANCE_ACCURACY_VALUE','Maximum Tolerance applied to model');
#3149=(
NAMED_UNIT(*)
SI_UNIT($,.STERADIAN.)
SOLID_ANGLE_UNIT()
);
#3150=(
NAMED_UNIT(*)
SI_UNIT($,.STERADIAN.)
SOLID_ANGLE_UNIT()
);
#3151=(
NAMED_UNIT(*)
SI_UNIT($,.STERADIAN.)
SOLID_ANGLE_UNIT()
);
#3152=(
NAMED_UNIT(*)
PLANE_ANGLE_UNIT()
SI_UNIT($,.RADIAN.)
);
#3153=(
NAMED_UNIT(*)
PLANE_ANGLE_UNIT()
SI_UNIT($,.RADIAN.)
);
#3154=(
NAMED_UNIT(*)
PLANE_ANGLE_UNIT()
SI_UNIT($,.RADIAN.)
);
#3155=(
LENGTH_UNIT()
NAMED_UNIT(*)
SI_UNIT($,.METRE.)
);
#3156=(
LENGTH_UNIT()
NAMED_UNIT(*)
SI_UNIT($,.METRE.)
);
#3157=(
LENGTH_UNIT()
NAMED_UNIT(*)
SI_UNIT($,.METRE.)
);
#3158=PRODUCT_DEFINITION_SHAPE('','',#3161);
#3159=PRODUCT_DEFINITION_SHAPE('','',#3162);
#3160=PRODUCT_DEFINITION_SHAPE('','',#3163);
#3161=PRODUCT_DEFINITION('','',#3167,#3164);
#3162=PRODUCT_DEFINITION('','',#3168,#3165);
#3163=PRODUCT_DEFINITION('','',#3169,#3166);
#3164=PRODUCT_DEFINITION_CONTEXT('',#3185,'design');
#3165=PRODUCT_DEFINITION_CONTEXT('',#3186,'design');
#3166=PRODUCT_DEFINITION_CONTEXT('',#3187,'design');
#3167=PRODUCT_DEFINITION_FORMATION_WITH_SPECIFIED_SOURCE('','',#3173,
 .NOT_KNOWN.);
#3168=PRODUCT_DEFINITION_FORMATION_WITH_SPECIFIED_SOURCE('','',#3174,
 .NOT_KNOWN.);
#3169=PRODUCT_DEFINITION_FORMATION_WITH_SPECIFIED_SOURCE('','',#3175,
 .NOT_KNOWN.);
#3170=PRODUCT_RELATED_PRODUCT_CATEGORY('','',(#3173));
#3171=PRODUCT_RELATED_PRODUCT_CATEGORY('','',(#3174));
#3172=PRODUCT_RELATED_PRODUCT_CATEGORY('','',(#3175));
#3173=PRODUCT('Part 1','Part 1','Part 1',(#3179));
#3174=PRODUCT('Part 2','Part 2','Part 2',(#3180));
#3175=PRODUCT('Part 3','Part 3','Part 3',(#3181));
#3176=PRODUCT_CATEGORY('','');
#3177=PRODUCT_CATEGORY('','');
#3178=PRODUCT_CATEGORY('','');
#3179=PRODUCT_CONTEXT('',#3185,'mechanical');
#3180=PRODUCT_CONTEXT('',#3186,'mechanical');
#3181=PRODUCT_CONTEXT('',#3187,'mechanical');
#3182=APPLICATION_PROTOCOL_DEFINITION('international standard',
'ap242_managed_model_based_3d_engineering',2020,#3185);
#3183=APPLICATION_PROTOCOL_DEFINITION('international standard',
'ap242_managed_model_based_3d_engineering',2020,#3186);
#3184=APPLICATION_PROTOCOL_DEFINITION('international standard',
'ap242_managed_model_based_3d_engineering',2020,#3187);
#3185=APPLICATION_CONTEXT('managed model based 3d engineering');
#3186=APPLICATION_CONTEXT('managed model based 3d engineering');
#3187=APPLICATION_CONTEXT('managed model based 3d engineering');
ENDSEC;
END-ISO-10303-21;
